CHEMBL473	8.39	1	CN(CCOc1ccc(NS(C)(=O)=O)cc1)CCc1ccc(NS(C)(=O)=O)cc1
CHEMBL83	6.01	1	CCC(=C(c1ccccc1)c1ccc(OCCN(C)C)cc1)c1ccccc1
CHEMBL30008	6.22	1	Fc1ccc(C(c2ccc(F)cc2)N2CCN(CC=Cc3ccccc3)CC2)cc1
CHEMBL61536	6.26	1	Cc1cc[n+]([O-])c(C)c1C(=O)N1CCC(C)(N2CCC(N(Cc3ccccc3)c3ccccc3)CC2)CC1
CHEMBL62152	6.82	1	Cc1cccc(C)c1C(=O)N1CCC(C)(N2CCC(N(c3ccccc3)c3ccccc3)CC2)CC1
CHEMBL301454	6.17	1	Cc1cccc(C)c1C(=O)N1CCC(C)(N2CCC(N(Cc3ccccc3)c3ccccc3)CC2)CC1
CHEMBL58387	6.24	1	Cc1ccnc(C)c1C(=O)N1CCC(C)(N2CCC(N(c3ccccc3)c3ccccc3)CC2)CC1
CHEMBL305660	6.98	1	CC(C)(C)c1ccc(C(=O)CCCN2CCC(OC(c3ccccc3)c3ccccc3)CC2)cc1
CHEMBL1108	6.03	1	O=C(CCCN1CC=C(n2c(=O)[nH]c3ccccc32)CC1)c1ccc(F)cc1
CHEMBL197243	6.75	1	COc1cccc(CN2CCCCCCC2)c1OCc1csc(-c2ccccc2)n1
CHEMBL195180	7.52	1	Clc1ccc(-c2nc(COc3ccccc3CN3CCCCCCC3)cs2)cc1
CHEMBL197304	7.4	1	COc1cccc(CN2CCCCCCC2)c1OCc1csc(-c2ccc(Cl)cc2)n1
CHEMBL204828	8.85	1	O=C(NC1CCN(Cc2ccc3c(c2)OCO3)CC1)c1cc(=O)c2cc(Cl)c(Cl)cc2o1
CHEMBL206081	7.94	1	COc1ccc2c(=O)cc(C(=O)NC3CCN(Cc4ccc5c(c4)OCO5)CC3)oc2c1
CHEMBL387417	8.3	1	N#Cc1ccc2c(=O)cc(C(=O)NC3CCN(Cc4ccc5c(c4)OCO5)CC3)oc2c1
CHEMBL425448	7.91	1	O=C(NC1CCN(Cc2ccc3c(c2)OCCO3)CC1)c1cc(=O)c2ccc(F)cc2o1
CHEMBL387418	7.98	1	O=C(NC1CCN(Cc2ccc3c(c2)OCO3)CC1)c1cc(=O)c2cc(F)c(Cl)cc2o1
CHEMBL217442	7.8	1	COc1cc2oc(C(=O)NC3CCN(Cc4ccc5c(c4)OCO5)CC3)cc(=O)c2cc1F
CHEMBL217400	7.98	1	COc1cccc(CN2CCC(NC(=O)c3cc(=O)c4ccc(F)cc4o3)CC2)c1
CHEMBL387178	8.21	1	O=C(NC1CCN(Cc2ccc3c(c2)OCO3)CC1)c1cc(=O)c2cc(F)c(F)cc2o1
CHEMBL217593	8.27	1	COc1ccc(CN2CCC(NC(=O)c3cc(=O)c4ccc(F)cc4o3)CC2)cc1
CHEMBL216225	7.67	1	O=C(NC1CCN(Cc2cccc(F)c2)CC1)c1cc(=O)c2ccc(F)cc2o1
CHEMBL215631	7.2	1	O=C(NC1CCN(Cc2ccc3c(c2)OCO3)CC1)c1cc(=O)c2ccc(O)cc2o1
CHEMBL213715	8.44	1	O=C(NC1CCN(Cc2ccc3c(c2)OCO3)CC1)c1cc(=O)c2ccc(OC(F)F)cc2o1
CHEMBL213761	7.7	1	O=C(NC1CCN(Cc2ccccc2)CC1)c1cc(=O)c2ccc(F)cc2o1
CHEMBL387309	7.83	1	COc1ccc(CN2CCC(NC(=O)c3cc(=O)c4ccc(F)cc4o3)CC2)c(F)c1
CHEMBL214377	8.13	1	CCc1ccc2c(=O)cc(C(=O)NC3CCN(Cc4ccc5c(c4)OCO5)CC3)oc2c1
CHEMBL214767	8.17	1	O=C(NC1CCN(Cc2ccc3c(c2)OCO3)CC1)c1cc(=O)c2ccccc2o1
CHEMBL217706	8.6	1	O=C(NC1CCN(Cc2ccc3c(c2)OCO3)CC1)c1cc(=O)c2ccc(Br)cc2o1
CHEMBL217707	8.25	1	O=C(NC1CCN(Cc2ccc3c(c2)OC(F)(F)O3)CC1)c1cc(=O)c2ccc(F)cc2o1
CHEMBL384487	7.69	1	CC(=O)c1ccc(CN2CCC(NC(=O)c3cc(=O)c4ccc(F)cc4o3)CC2)cc1
CHEMBL217789	8.44	1	O=C(NC1CCN(Cc2ccc3c(c2)OCO3)CC1)c1cc(=O)c2ccc(Cl)cc2o1
CHEMBL217105	7.87	1	O=C(NC1CCN(Cc2cc3c(cc2Cl)OCO3)CC1)c1cc(=O)c2ccc(F)cc2o1
CHEMBL221753	6.96	1	CC(C)(C)CC(C)(C)c1ccc(OCCOCC[N+](C)(C)Cc2ccccc2)cc1
CHEMBL225090	6.35	1	CN1CCN(Cc2ccc3c(c2)Cc2c(-c4csc(C#CCCOc5ccccc5)c4)n[nH]c2-3)CC1
CHEMBL225318	6.1	1	CN1CCN(Cc2ccc3c(c2)Cc2c(-c4csc(C#CCOc5ccccc5Cl)c4)n[nH]c2-3)CC1
CHEMBL387972	7.1	1	CC1CCN(Cc2ccc3c(c2)Cc2c(-c4csc(C#CCOc5ccccc5)c4)n[nH]c2-3)CC1
CHEMBL244084	6.1	1	Cc1ccc2c(-c3nnc(SCCCN4CCc5ccc(-c6ncc(C)o6)cc5CC4)n3C)cccc2n1
CHEMBL244275	6.5	1	Cc1cnc(-c2ccc3c(c2)CCN(CCCSc2nnc(-c4cccs4)n2C)CC3)o1
CHEMBL397429	7.3	1	Cc1cnc(-c2ccc3c(c2)CCN(CCCSc2nnc(-c4cc5ccccc5[nH]4)n2C)CC3)o1
CHEMBL244276	7.4	1	Cc1cnc(-c2ccc3c(c2)CCN(CCCSc2nnc(-c4ccc5[nH]ccc5c4)n2C)CC3)o1
CHEMBL244277	6.3	1	Cc1cnc(-c2ccc3c(c2)CCN(CCCSc2nnc(-c4cccn4C)n2C)CC3)o1
CHEMBL243707	6.3	1	Cc1ccc2c(-c3nnc(SCCCN4CCc5ccc(-c6cc(C)on6)cc5CC4)n3C)cccc2n1
CHEMBL243708	6.5	1	Cc1cc(-c2ccc3c(c2)CCN(CCCSc2nnc(-c4ccc5nc(C)c(C)nc5c4)n2C)CC3)no1
CHEMBL243896	7.7	1	Cc1cc(-c2ccc3c(c2)CCN(CCCSc2nnc(-c4ccc(C#N)cc4)n2C)CC3)no1
CHEMBL243897	7.2	1	Cc1cc(-c2ccc3c(c2)CCN(CCCSc2nnc(-c4ccc(C(F)(F)F)cc4)n2C)CC3)no1
CHEMBL395742	7.6	1	Cc1ccc(-c2nnc(SCCCN3CCc4ccc(-c5cc(C)on5)cc4CC3)n2C)cc1
CHEMBL243898	6.6	1	Cc1cc(-c2ccc3c(c2)CCN(CCCSc2nnc(-c4ccccn4)n2C)CC3)no1
CHEMBL244085	6.1	1	Cc1cc(-c2ccc3c(c2)CCN(CCCSc2nnc(-c4ccncc4)n2C)CC3)no1
CHEMBL244086	6.9	1	Cc1cc(-c2ccc3c(c2)CCN(CCCSc2nnc(-c4cccs4)n2C)CC3)no1
CHEMBL395743	6.6	1	Cc1cc(-c2ccc3c(c2)CCN(CCCSc2nnc(-c4cccn4C)n2C)CC3)no1
CHEMBL244087	7.2	1	Cc1cc(-c2ccc3c(c2)CCN(CCCSc2nnc(-c4ccccc4Cl)n2C)CC3)no1
CHEMBL244278	7.1	1	Cc1cc(-c2ccc3c(c2)CCN(CCCSc2nnc(-c4cccc(Cl)c4)n2C)CC3)no1
CHEMBL244279	7.6	1	Cc1cc(-c2ccc3c(c2)CCN(CCCSc2nnc(-c4ccc(Cl)cc4)n2C)CC3)no1
CHEMBL397222	8.0	1	Cc1cc(-c2ccc3c(c2)CCN(CCCSc2nnc(-c4ccc(Cl)c(Cl)c4)n2C)CC3)no1
CHEMBL244280	6.6	1	Cc1cc(-c2ccc3c(c2)CCN(CCCSc2nnc(-c4cccc(F)c4)n2C)CC3)no1
CHEMBL243899	6.1	1	Cc1cc(-c2ccc3c(c2)CCN(CCCSc2nnc(C)n2C)CC3)no1
CHEMBL243900	6.5	1	Cc1cc(-c2ccc3c(c2)CCN(CCCSc2nnc(C(F)(F)F)n2C)CC3)no1
CHEMBL243474	6.4	1	Cc1cc(-c2ccc3c(c2)CCN(CCCSc2nnc(C(C)(C)C)n2C)CC3)no1
CHEMBL243859	6.1	1	Cc1cc(-c2ccc3c(c2)CCN(CCCSc2nnc(C4CCCC4)n2C)CC3)no1
CHEMBL243860	6.9	1	Cc1cc(-c2ccc3c(c2)CCN(CCCSc2nnc(C4CCC(C)CC4)n2C)CC3)no1
CHEMBL390429	7.4	1	COc1ccccc1-c1nnc(SCCCN2CCc3ccc(-c4cc(C)on4)cc3CC2)n1C
CHEMBL242600	7.4	1	COc1ccc(-c2nnc(SCCCN3CCc4ccc(-c5cc(C)on5)cc4CC3)n2C)cc1
CHEMBL244945	6.8	1	COc1ccc(-c2nnc(SCCCN3CCc4ccc(-c5cc(C)on5)cc4CC3)n2C)cn1
CHEMBL245118	6.6	1	Cc1cc(-c2ccc3c(c2)CCN(CCCSc2nnc(-c4ccc(F)c(F)c4)n2C)CC3)n(C)n1
CHEMBL390649	7.5	1	Cc1cc(-c2ccc3c(c2)CCN(CCCSc2nnc(-c4ccc(C(F)(F)F)cc4)n2C)CC3)n(C)n1
CHEMBL242602	6.3	1	Cc1cc(-c2ccc3c(c2)CCN(CCSc2nnc(-c4ccc(F)c(F)c4)n2C)CC3)n(C)n1
CHEMBL247891	6.13	1	O=C(NC1CCN(Cc2ccc(OCCCN(C3CC3)C3CC3)c(F)c2)CC1)c1cc(=O)c2ccc(F)cc2o1
CHEMBL394639	6.35	1	CC(C)CON=CCOc1ccc(CN2CCC(NC(=O)c3cc(=O)c4ccc(F)cc4o3)CC2)cc1F
CHEMBL255431	6.39	1	Cc1cccnc1C(=O)N1CCC(C)(N2CCC(N(c3ccccc3)c3cccnc3)CC2)CC1
CHEMBL428594	7.8	1	CC(C)C1(C(=O)NCc2cc(C(F)(F)F)cc(C(F)(F)F)c2)CCC(N2CCC(c3ccc(F)cc3)CC2)C1
CHEMBL428602	7.27	1	CC(C)(O)C1(C(=O)NCc2cc(C(F)(F)F)cc(C(F)(F)F)c2)CCC(N2CCC(c3ccc(F)cc3)CC2)C1
CHEMBL258246	7.35	1	CC(C)C1(C(=O)NCc2cc(C(F)(F)F)cc(C(F)(F)F)c2)CCC(N2CCC(c3cccc(F)c3)CC2)C1
CHEMBL403033	6.66	1	COc1cccc(C2CCN(C3CCC(C(=O)NCc4cc(C(F)(F)F)cc(C(F)(F)F)c4)(C(C)C)C3)CC2)c1
CHEMBL255312	7.17	1	CC(C)C1(C(=O)NCc2cc(C(F)(F)F)cc(C(F)(F)F)c2)CCC(N2CCC(c3cccc(O)c3)CC2)C1
CHEMBL255513	6.65	1	CC(C)C1(C(=O)NCc2cc(C(F)(F)F)cc(C(F)(F)F)c2)CCC(N2CCC(c3cccnc3)CC2)C1
CHEMBL429849	6.07	1	CC(C)(O)C1(C(=O)NCc2cc(C(F)(F)F)cc(C(F)(F)F)c2)CCC(N2CCC(c3cncnc3)CC2)C1
CHEMBL401608	6.73	1	CC(C)(O)C1(C(=O)NCc2cc(C(F)(F)F)cc(C(F)(F)F)c2)CCC(N2CCC(c3cc(Cl)ncn3)CC2)C1
CHEMBL256954	6.89	1	CC(C)C1(C(=O)NCc2cc(C(F)(F)F)cc(C(F)(F)F)c2)CCC(N2CCC(c3ccncn3)CC2)C1
CHEMBL271631	6.6	1	CCc1nc2cc3c(cc2s1)CCN(CCCSc1nnc(-c2cccc4nc(C)ccc24)n1C)CC3
CHEMBL401728	6.0	1	Cc1cc(-c2nc3cc4c(cc3o2)CCN(CCCSc2nnc(-c3ocnc3C)n2C)CC4)n(C)n1
CHEMBL270567	6.3	1	Cc1ccc2c(-c3nnc(SCCCN4CCc5cc6nc(-c7cc(C)nn7C)oc6cc5CC4)n3C)cccc2n1
CHEMBL271083	6.7	1	Cc1ncoc1-c1nnc(SCCCN2CCc3cc4nc(C(F)(F)C(F)(F)F)oc4cc3CC2)n1C
CHEMBL270227	7.0	1	Cc1ccc2c(-c3nnc(SCCCN4CCc5cc6nc(C(F)(F)C(F)(F)F)oc6cc5CC4)n3C)cccc2n1
CHEMBL255619	6.0	1	Cc1ncoc1-c1nnc(SCCCN2CCc3cc4nc(CC5CC5)oc4cc3CC2)n1C
CHEMBL401576	6.9	1	Cc1noc2cc3c(cc12)CCN(CCCSc1nnc(-c2ccc(C(F)(F)F)cc2)n1C)CC3
CHEMBL257525	6.0	1	Cc1ccc2c(-c3nnc(SCCC(C)N4CCc5cc6nc(C(F)(F)F)oc6c(C)c5CC4)n3C)cccc2n1
CHEMBL403181	6.0	1	CCc1noc2cc3c(cc12)CCN(CCCSc1nnc(-c2cccc4nc(C)ccc24)n1C)CC3
CHEMBL257946	6.1	1	Cc1ccc2c(-c3nnc(SCCCN4CCc5cc6onc(C)c6cc5CC4)n3C)cccc2n1
CHEMBL408169	6.4	1	Cc1ccc2c(-c3nnc(SCCCN4CCc5cc6c(cc5CC4)OCCN6)n3C)cccc2n1
CHEMBL257900	6.4	1	Cc1ccc2c(-c3nnc(SCCN4CCc5cc6nc(C(F)(F)F)oc6c(C)c5CC4)n3C)cccc2n1
CHEMBL408208	6.2	1	Cc1ccc2c(-c3nnc(SCCN4CCc5cc6nc(C(F)(F)F)oc6c(Br)c5CC4)n3C)cccc2n1
CHEMBL256477	6.0	1	CCc1nn(C)c2cc3c(cc12)CCN(CCCSc1nnc(-c2cccc4nc(C)ccc24)n1C)CC3
CHEMBL402016	6.0	1	Cc1ccc2c(-c3nnc(SCCCN4CCc5cc6nc(C(F)(F)F)oc6cc5CC4)n3C)cccc2n1
CHEMBL257536	7.2	1	Cc1ncoc1-c1nnc(SCCCN2CCc3cc4c(cc3CC2)OCC(=O)N4)n1C
CHEMBL271096	6.6	1	CCc1nc2cc3c(cc2o1)CCN(CCCSc1nnc(-c2ccc(C(F)(F)F)cc2)n1C)CC3
CHEMBL271097	6.6	1	Cc1ccc2c(-c3nnc(SCCCCN4CCc5cc6nc(C(F)(F)F)oc6c(C)c5CC4)n3C)cccc2n1
CHEMBL271066	8.2	1	Cc1ccc2c(-c3nnc(SCCCN4CCc5cc6c(cc5CC4)OCC(=O)N6)n3C)cccc2n1
CHEMBL257369	6.6	1	Cc1ccc2c(-c3nnc(SCCCCN4CCc5cc6nc(C(F)(F)F)oc6c(Br)c5CC4)n3C)cccc2n1
CHEMBL429132	6.1	1	Cc1ccc2c(-c3nnc(SCCCN4CCc5cc6nc(C(C)(C)C)oc6cc5CC4)n3C)cccc2n1
CHEMBL402087	6.6	1	Cc1ccc2c(-c3nnc(SCCCN4CCc5cc6nc(C(C)(C)C)oc6c(C)c5CC4)n3C)cccc2n1
CHEMBL401752	6.3	1	CCc1nc2cc3c(c(C)c2o1)CCN(CCCSc1nnc(-c2cccc4nc(C)ccc24)n1C)CC3
CHEMBL272695	6.0	1	Cc1ccc2c(-c3nnc(SCCCN4CCc5cc6nc(C7CC7)oc6cc5CC4)n3C)cccc2n1
CHEMBL255566	6.4	1	Cc1ccc2c(-c3nnc(SCCCN4CCc5cc6nc(C(C)(C)C)oc6c(Br)c5CC4)n3C)cccc2n1
CHEMBL402826	6.2	1	CCCc1nc2cc3c(cc2o1)CCN(CCCSc1nnc(-c2cccc4nc(C)ccc24)n1C)CC3
CHEMBL513585	7.07	1	Cc1ccccc1C1CCN(CC2CCc3c(C)cccc3C(O)C2)CC1
CHEMBL486644	6.03	1	OC1CC(CN2CCC(c3c(Cl)cccc3Cl)CC2)CCc2cccnc21
CHEMBL453880	6.06	1	CNCc1ccc(Cl)cc1Oc1ccc(F)c(C(F)(F)F)c1
CHEMBL487053	6.05	1	CC(c1ccccc1Oc1ccc(Cl)c(Cl)c1)N(C)C
CHEMBL451137	6.01	1	CNCc1ccc(Br)cc1Oc1ccc(Cl)c(Cl)c1
CHEMBL455423	6.63	1	COc1ccc(CN(C)C)c(Oc2ccc(Cl)c(Cl)c2)c1
CHEMBL500329	6.16	1	CNCc1ccc(OC)cc1Oc1ccc(Cl)c(Cl)c1
CHEMBL527094	6.11	1	CNC(C)c1ccc(OC)cc1Oc1ccc(Cl)c(Cl)c1
CHEMBL462387	6.19	1	CNCc1ccc(Cl)cc1Oc1ccc(Cl)cc1
CHEMBL522456	7.0	1	N#Cc1ccnc(C2=NC(c3ccc(F)cc3)(c3ccc(F)cc3)CN2)c1
CHEMBL522793	6.31	1	CCC1NC(c2cc(C#N)ccn2)=NC1(c1ccc(F)cc1)c1ccc(F)cc1
CHEMBL490949	6.31	1	CCCC1NC(c2cc(C#N)ccn2)=NC1(c1ccc(F)cc1)c1ccc(F)cc1
CHEMBL482058	6.0	1	O=C1CCCN1C1CCN(CCc2ccc(Oc3nc4ccccc4s3)cc2)CC1
CHEMBL482056	6.3	1	O=C1OCCN1C1CCN(CCc2ccc(Oc3nc4ccccc4s3)cc2)CC1
CHEMBL481863	6.0	1	c1ccc2oc(Oc3ccc(OCCN4CCCCC4)cc3)nc2c1
CHEMBL492438	6.14	1	CS(=O)(=O)Nc1ccc(OCC(O)CNCCc2ccc(Cl)c(Cl)c2)cc1
CHEMBL523167	6.43	1	CN(CCc1ccc(Cl)c(Cl)c1)CC(O)COc1ccc(NS(C)(=O)=O)cc1
CHEMBL492620	6.77	1	CCN(CCc1ccc(Cl)c(Cl)c1)CC(O)COc1ccc(NS(C)(=O)=O)cc1
CHEMBL524038	6.89	1	CCCN(CCc1ccc(Cl)c(Cl)c1)CC(O)COc1ccc(NS(C)(=O)=O)cc1
CHEMBL494504	7.16	1	CCCCN(CCc1ccc(Cl)c(Cl)c1)CC(O)COc1ccc(NS(C)(=O)=O)cc1
CHEMBL494105	6.14	1	CC(C)CN(CCc1ccc(Cl)c(Cl)c1)CC(O)COc1ccc(NS(C)(=O)=O)cc1
CHEMBL493087	6.37	1	CS(=O)(=O)Nc1ccc(OCC(O)CN(CCc2ccc(Cl)c(Cl)c2)Cc2ccccc2)cc1
CHEMBL495328	6.08	1	CS(=O)(=O)Nc1ccc(OCC(O)CN(CCc2ccc(Cl)c(Cl)c2)Cc2ccccc2O)cc1
CHEMBL493712	6.11	1	CS(=O)(=O)Nc1ccc(OCC(O)CN(CCc2ccc(Cl)c(Cl)c2)Cc2cccc(O)c2)cc1
CHEMBL1626	6.4	1	CN1CCCC1CCOC(C)(c1ccccc1)c1ccc(Cl)cc1
CHEMBL494230	7.64	1	Cc1c(CNC(C)C)nn(-c2ccc(Cl)cc2Cl)c1-c1ccc(Cl)cc1
CHEMBL468504	6.0	1	CCN1CCN(c2cc3[nH]c(SC(C)(C)C)nc3cc2Cl)C(C)C1
CHEMBL466252	6.42	1	CCN1CCN(c2cc3[nH]c(SC4(C)CCC(c5nc(C)no5)CC4)nc3cc2Cl)CC1
CHEMBL512827	7.64	1	Cc1c(CNC2CCCC2)nn(-c2ccc(Cl)cc2Cl)c1-c1ccc(Cl)cc1
CHEMBL478011	6.38	1	CNC(=O)c1c(NCC2CCC3(CCC3)CC2)nc(C#N)nc1OCCC1CCN(C)CC1
CHEMBL515025	6.15	1	CNC(=O)c1c(NCC2CCC3(CCC3)CC2)nc(C#N)nc1OCC1CCN(C)CC1
CHEMBL478012	6.44	1	CNC(=O)c1c(NCCC2CCCC2)nc(C#N)nc1OCC1CCN(C)CC1
CHEMBL478013	6.27	1	CNC(=O)c1c(NCC2CCC3(CCC3)CC2)nc(C#N)nc1OCC1CCN(C(C)C)CC1
CHEMBL514042	6.05	1	CNC(=O)c1c(NCC2CCC3(CCC3)CC2)nc(C#N)nc1OCC1CCN(CCO)CC1
CHEMBL477015	6.17	1	CS(=O)(=O)Nc1ccc2c(c1)C(O)CC1(CCN(C3CCc4cc(C#N)ccc4C3)CC1)O2
CHEMBL490026	6.05	1	O=C(C1CC1c1ccc(C(F)(F)F)cc1)N1CCN(S(=O)(=O)c2cc(CCO)cc(C(F)(F)F)c2)CC1
CHEMBL520543	7.22	1	O=C(C1CC1c1ccc(C(F)(F)F)cc1)N1CCN(S(=O)(=O)c2cc(C(O)C(F)(F)F)cc(C(F)(F)F)c2)CC1
CHEMBL487708	6.3	1	O=C(C1CC1c1ccc(C(F)(F)F)cc1)N1CCN(S(=O)(=O)c2cc(-c3ccn[nH]3)cc(C(F)(F)F)c2)CC1
CHEMBL519252	6.3	1	O=C(C1CC1c1ccc(C(F)(F)F)cc1)N1CCN(S(=O)(=O)c2cc(-c3cn[nH]c3)cc(C(F)(F)F)c2)CC1
CHEMBL487912	7.4	1	Cc1n[nH]cc1-c1cc(C(F)(F)F)cc(S(=O)(=O)N2CCN(C(=O)C3CC3c3ccc(C(F)(F)F)cc3)CC2)c1
CHEMBL529213	6.0	1	O=C(C1CC1c1ccc(C(F)(F)F)cc1)N1CCN(S(=O)(=O)c2cc(-c3nnc[nH]3)cc(C(F)(F)F)c2)CC1
CHEMBL456171	6.7	1	O=C(Nc1c(Cl)cncc1Cl)c1cn(-c2ccc(Cl)cc2)c2ncccc2c1=O
CHEMBL514564	6.13	1	CC(=O)c1cccc(-c2cccc(-n3cc(C(=O)Nc4nccc(Cl)c4Cl)c(=O)c4cccnc43)c2)c1
CHEMBL485547	6.02	1	CSc1ccc(-c2cccc(-n3cc(C(=O)NC(C)C)c(=O)c4cccnc43)c2)cc1
CHEMBL469542	6.07	1	Cc1nnc(C)n1C1CCN(C(C)CC(NC(=O)C2CCC2)c2ccccc2)CC1
CHEMBL456019	6.61	1	CCN(C(=O)Cc1ccc(OC)cc1)C1CC2CCC(C1)N2CCC(NC(=O)C1CCC1)c1ccccc1
CHEMBL460009	8.33	1	CC(CC(NC(=O)C1CCC1)c1ccccc1)N1CCC(n2cc(-c3ccccc3)[nH]c2=O)CC1
CHEMBL460217	6.93	1	CC(CC(NC(=O)C1CCC1)c1ccccc1)N1CCC(c2[nH]ncc2-c2ccncc2)CC1
CHEMBL560650	6.1	1	O=C1N(CCN2Cc3ccccc3C2)CCN1Cc1ccc(Cl)c(Cl)c1
CHEMBL562677	6.05	1	CCc1oc(CCc2cc(N3CCOCC3)cc(NCCOC)n2)nc1C
CHEMBL565017	6.2	1	O=C1N(CCN2Cc3ccccc3C2)CCN1c1cccc(OC(F)(F)F)c1
CHEMBL564298	6.0	1	CC(C)(C)c1ccc(N2CCN(CCN3Cc4ccccc4C3)C2=O)cc1
CHEMBL564513	6.4	1	CCNc1cc(N2CCOCC2)cc(CCc2nc(C)c(CC)o2)n1
CHEMBL1729	6.77	1	COc1cc(N)c(Cl)cc1C(=O)NC1CCN(CCCOc2ccc(F)cc2)CC1OC
CHEMBL560574	6.7	1	O=C1N(CCN2CCC(C(F)(F)F)CC2)CCN1c1cccc(I)c1
CHEMBL559593	6.32	1	CCCNc1cc(N2CCOCC2)cc(CCc2nc(C)c(CC)o2)n1
CHEMBL562831	6.04	1	CCOC(=O)CNc1cc(N2CCOCC2)cc(CCc2nc(C)c(CC)o2)n1
CHEMBL549584	6.12	1	O=C(c1ccccc1Oc1ccccc1)N(CC1CCC1)C1CCNC1
CHEMBL549851	6.28	1	COc1ccc(C(C)NC2CCC(C(=O)N3CCC(c4ccccc4)(c4ccccc4)CC3)C(C)(C)C2)cc1
CHEMBL552279	6.53	1	CC1CCCN1CCc1ccc(-c2ccc(S(=O)(=O)Nc3ccccc3)cc2)cc1
CHEMBL550502	6.0	1	O=C1N(CCN2Cc3ccccc3C2)CCN1c1ccc(Cl)c(Cl)c1
CHEMBL559029	6.1	1	O=C1N(CCN2Cc3ccccc3C2)CCN1c1cccc(C(F)(F)F)c1
CHEMBL571013	6.08	1	CCc1oc(CCc2cc(N3CCOCC3)cc(NC)n2)nc1C
CHEMBL564536	7.44	1	CCc1sc(CCc2cc(N3CCOCC3)cc(NC(C)c3cc(Cl)cc(NC(=O)OC(C)C)c3)n2)nc1C
CHEMBL171377	6.28	1	COc1ccc(C(C)NC2CCC(C(=O)N3CCC(c4ccccc4)(c4ccc(OC)nc4)CC3)C(C)(C)C2)cc1
CHEMBL552367	6.4	1	O=C1N(CCN2Cc3ccccc3C2)CCN1Cc1cc(Cl)ccc1Cl
CHEMBL557648	6.27	1	CCc1oc(CCc2cc(N3CCOCC3)cc(NC(C)C)n2)nc1C
CHEMBL563118	6.12	1	CC1CCCN1CCc1ccc(-c2ccc(S(=O)(=O)NC3CCC3)cc2)cc1
CHEMBL558456	6.24	1	CC1CCCN1CCc1ccc(-c2ccc(S(=O)(=O)NCc3ccccc3)cc2)cc1
CHEMBL557932	6.05	1	COc1ccc(CNC2CCC(C(=O)N3CCC(C(=O)N4CCCC4)(c4ccccc4)CC3)C(C)(C)C2)cc1
CHEMBL573034	6.69	1	COc1cc(-c2cnc3nc(N4CCC(N5CCCCC5)CC4)sc3c2)ccn1
CHEMBL583582	6.69	1	Fc1cc(-c2cnc3nc(N4CCC(N5CCCCC5)CC4)sc3c2)ccn1
CHEMBL575022	6.0	1	COc1cc(-c2cc3sc(N4CCC(N5CCCCC5)CC4)nc3cn2)ccn1
CHEMBL584766	7.0	1	N#Cc1cc(-c2cnc3nc(N4CCC(N5CCCCC5)CC4)sc3c2)ccc1F
CHEMBL573485	7.0	1	COc1ccc(-c2cnc3nc(N4CCC(N5CCCCC5)CC4)sc3c2)cn1
CHEMBL574837	6.51	1	Fc1ccc(-c2cnc3nc(N4CCC(N5CCCCC5)CC4)sc3c2)cn1
CHEMBL584538	8.05	1	O=c1cc(OCc2ccc(F)cc2)ccn1-c1ccc(OCCN2CCCC2)cc1
CHEMBL568361	6.28	1	CC(O)(c1ccc(CN2CCC3(CC2)OCc2cc(F)ncc23)cc1)c1ccc(F)c(F)c1
CHEMBL566257	7.77	1	O=C(c1ccc(CN2CCC3(CC2)OCc2cc(F)ncc23)cc1)c1ccc(F)c(F)c1
CHEMBL593521	7.62	1	Fc1cc2c(cn1)C1(CCN(Cc3ccc(Oc4ccc(F)c(F)c4)cc3)CC1)OC2
CHEMBL585509	7.64	1	Fc1cc2c(cn1)C1(CCN(Cc3ccc(Nc4ccc(F)c(F)c4)cc3)CC1)OC2
CHEMBL585856	7.6	1	CN(c1ccc(CN2CCC3(CC2)OCc2cc(F)ncc23)cc1)c1ccc(F)c(F)c1
CHEMBL566880	6.6	1	CON=C(c1ccc(CN2CCC3(CC2)OCc2cc(F)ncc23)cc1)c1ccc(F)c(F)c1
CHEMBL568571	6.85	1	CCON=C(c1ccc(CN2CCC3(CC2)OCc2cc(F)ncc23)cc1)c1ccc(F)c(F)c1
CHEMBL568572	6.28	1	OC(c1ccc(CN2CCC3(CC2)OCc2cc(F)ncc23)cc1)c1ccc(F)c(F)c1
CHEMBL598270	8.7	1	CCCCCCC[N+](CC)(CC)CCCCc1ccc(Cl)cc1
CHEMBL1081686	6.2	1	Cn1c(SCCCN2CC3CC3(c3ccc(C(F)(F)F)cc3)C2)nnc1-c1ccccc1
CHEMBL1079639	6.7	1	Cc1ccoc1-c1nnc(SCCCN2CC3CC3(c3ccc(C(F)(F)F)cc3)C2)n1C
CHEMBL1079640	6.1	1	Cc1ccc(-c2nnc(SCCCN3CC4CC4(c4ccc(C(F)(F)F)cc4)C3)n2C)cn1
CHEMBL1079480	6.1	1	Cc1cnc(-c2nnc(SCCCN3CC4CC4(c4ccc(C(F)(F)F)cc4)C3)n2C)cn1
CHEMBL1079814	6.4	1	Cc1cc(C(F)(F)F)ccc1C12CC1CN(CCCSc1nnc(-c3ocnc3C)n1C)C2
CHEMBL1079577	6.2	1	Cc1ccc2c(-c3nnc(SCCCN4CC5CC5(c5ccc(C#N)cc5)C4)n3C)cccc2n1
CHEMBL1086626	7.0	1	Cc1[nH]c(-c2ccccc2)cc1C(=O)NCCCN1CCN(c2cccc(Cl)c2Cl)CC1
CHEMBL1086754	6.85	1	Cc1c(C(=O)NCCCN2CCN(c3cccc(Cl)c3Cl)CC2)cc(-c2ccccc2)n1C
CHEMBL1086756	6.27	1	CCCn1c(-c2ccccc2)cc(C(=O)NCCCN2CCN(c3cccc(Cl)c3Cl)CC2)c1C
CHEMBL1091836	6.42	1	Nc1cc(CN2CCC(N(C(=O)NCc3ccc(F)cc3)c3ccc(Cl)cc3)CC2)ccn1
CHEMBL1094028	6.75	1	O=C(NCc1ccccc1)N(c1ccc(Br)cc1)C1CCN(C2CCCC2)CC1
CHEMBL1094029	6.73	1	O=C(Nc1ccccc1)N(c1ccc(Br)cc1)C1CCN(C2CCCC2)CC1
CHEMBL1094030	6.7	1	O=C(NCc1ccc(F)cc1)N(c1ccc(Br)cc1)C1CCN(C2CCCC2)CC1
CHEMBL1095554	6.2	1	CC1(C)CC(NC(=O)c2ccc3[nH]ncc3c2)c2cc(-c3ccc(Cl)cc3)c(-c3ccc(Cl)cc3Cl)nc2O1
CHEMBL1096182	6.0	1	Cc1cc(C(=O)NC2CC(C)(C)Oc3nc(-c4ccc(Cl)cc4Cl)c(-c4ccc(Cl)cc4)cc32)n[nH]1
CHEMBL1094521	6.92	1	CC(O)C(=O)NC1CC(C)(C)Oc2nc(-c3ccc(Cl)cc3Cl)c(-c3ccc(Cl)cc3)cc21
CHEMBL1094847	6.42	1	CC1(C)CC(NC(=O)C(C)(C)O)c2cc(-c3ccc(Cl)cc3)c(-c3ccc(Cl)cc3Cl)nc2O1
CHEMBL1095499	6.52	1	CC1(C)CC(NC(=O)C2(O)CC2)c2cc(-c3ccc(Cl)cc3)c(-c3ccc(Cl)cc3Cl)nc2O1
CHEMBL1097455	6.22	1	CC1(C)CC(NC(=O)C(C)(O)C(F)(F)F)c2cc(-c3ccc(Cl)cc3)c(-c3ccc(Cl)cc3Cl)nc2O1
CHEMBL1095159	7.1	1	CC1(C)CC(NC(=O)C(F)(F)CO)c2cc(-c3ccc(Cl)cc3)c(-c3ccc(Cl)cc3Cl)nc2O1
CHEMBL1097841	6.42	1	CC1(C)CC(NC(=O)c2cn[nH]c2)c2cc(-c3ccc(Cl)cc3)c(-c3ccc(Cl)cc3Cl)nc2O1
CHEMBL1083463	6.22	1	Cc1c(-c2ccc3cc(CCN4CCCC4C)ccc3n2)cnn1-c1ccc(Cl)c(Cl)c1
CHEMBL1082488	6.92	1	Cc1cc(-c2ccc3cc(CCN4CCCC4C)ccc3n2)nc(-c2ccccc2)n1
CHEMBL1086520	6.06	1	CC1CCCN1CCc1ccc2nc(-c3cc(Br)no3)ccc2c1
CHEMBL1214176	6.16	1	CCCn1c(-c2ccccc2)cc(C(=O)N(C)CCCN2CCN(c3cccc(C)c3C)CC2)c1C
CHEMBL1214177	6.3	1	Cc1c(C(=O)N(C)CCCN2CCN(c3cccc(Cl)c3Cl)CC2)cc(-c2ccccc2)n1C
CHEMBL1235773	6.3	1	COc1ccc2ncc(C#N)c(CCN3CCC(NCc4cc5c(cn4)OCS5)CC3)c2c1
CHEMBL1257215	6.0	1	Cc1ncoc1-c1nnc(SCCCN2C3CCC2CC(c2ccc(C(C)(C)C)cc2)C3)n1C
CHEMBL1257336	6.8	1	Cc1ncoc1-c1nnc(SCCCN2C3CCC2CC(c2ccc(C(F)(F)F)cc2)C3)n1C
CHEMBL1257337	6.3	1	Cc1ncoc1-c1nnc(SCCCN2C3CCC2CC(c2cccc(C(F)(F)F)c2)C3)n1C
CHEMBL1257448	6.3	1	Cc1ncoc1-c1nnc(SCCCN2C3CCC2CC(c2ccc(C(F)(F)F)cc2F)C3)n1C
CHEMBL1257686	6.1	1	Cc1ncoc1-c1nnc(SCCCN2CCC3(c4ccc(C(F)(F)F)cc4)CC3C2)n1C
CHEMBL1257808	6.7	1	Cc1ncoc1-c1nnc(SCCCN2CCC3(c4cccc(C(F)(F)F)c4)CC3C2)n1C
CHEMBL1257926	6.2	1	Cc1nc(C)c(-c2nnc(SCCCN3CCC4CC4(c4ccc(C(F)(F)F)cc4)CC3)n2C)s1
CHEMBL1258268	6.2	1	Cc1ncoc1-c1nnc(SCCCNC2CCC3(c4ccc(C(F)(F)F)cc4F)CC23)n1C
CHEMBL1258269	6.0	1	Cc1ncoc1-c1nnc(SCCCNC2CC3CC3(c3ccc(C(F)(F)F)cc3F)C2)n1C
CHEMBL1258380	6.2	1	Cc1ncoc1-c1nnc(SCCCN2CCC3(CCCc4cc(Br)ccc43)C2)n1C
CHEMBL1258712	6.5	1	Cc1ncoc1-c1nnc(SCCCN2CCC3(CCc4cc(Br)ccc43)C2)n1C
CHEMBL1258713	6.2	1	Cc1ncoc1-c1nnc(SCCCN2CCC3(CCc4c(Br)cccc43)C2)n1C
CHEMBL1258833	6.1	1	Cc1ncoc1-c1nnc(SCCCN2CCC3(CCc4ccc(Br)cc43)C2)n1C
CHEMBL1289062	6.0	1	CC(C)S(=O)(=O)NC1CN(C)CC1c1ccc(-c2ccc(F)nc2)cc1
CHEMBL1289063	7.1	1	CC(C)S(=O)(=O)NC1CN(c2ccccc2)CC1c1ccc(-c2ccc(F)nc2)cc1
CHEMBL1289386	6.1	1	O=C1OC2(CCC(c3nc4cc(OC(F)(F)F)ccc4[nH]3)CC2)CN1c1ccc(F)cc1
CHEMBL1290275	6.4	1	CCN1CC(NS(=O)(=O)C(C)C)C(c2ccc(-c3ccc(C#N)cc3)cc2)C1
CHEMBL1290391	6.1	1	CC(C)S(=O)(=O)NC1CN(c2ccccc2)CC1c1ccc(-c2ccc(C#N)cc2)cc1
CHEMBL1290707	6.0	1	O=C1OC2(CCN(c3nc4ccccc4[nH]3)CC2)CN1c1ccccc1
CHEMBL1642173	6.17	1	COc1cc(C=Cc2nc3ccccc3[nH]2)ccc1-n1cnc(C)c1
CHEMBL1642180	6.06	1	COc1cc(C=Cc2nc3cc(C(F)(F)F)ccc3c(=O)[nH]2)ccc1-n1cnc(C)c1
CHEMBL1642184	6.85	1	COc1cc(C=Cc2nc(N)c3ccccc3n2)ccc1-n1cnc(C)c1
CHEMBL1642185	6.0	1	COc1cc(C=Cc2nc3ccccc3c(=O)n2-c2ccccc2)ccc1-n1cnc(C)c1
CHEMBL1642186	6.51	1	COc1cc(C=Cc2nc3ccccc3c(=O)n2C)ccc1-n1cnc(C)c1
CHEMBL1642187	6.52	1	COc1cc(C=Cc2nc(N)nc(Nc3ccccc3)n2)ccc1-n1cnc(C)c1
CHEMBL1642188	6.01	1	CCOC(=O)c1sc2nc(C=Cc3ccc(-n4cnc(C)c4)c(OC)c3)nc(N)c2c1C
CHEMBL1642189	6.29	1	COc1cc(C=Cc2nc(N)c3c(n2)oc2ccccc23)ccc1-n1cnc(C)c1
CHEMBL1642191	6.41	1	COc1cc(C=Cc2nc(N)c3c4c(sc3n2)CCCCC4)ccc1-n1cnc(C)c1
CHEMBL1642471	8.37	1	O=c1cc(OCc2ccccc2F)ccn1-c1ccc(OCCN2CCCC2)cc1
CHEMBL1642472	8.54	1	O=c1cc(OCc2cccc(F)c2)ccn1-c1ccc(OCCN2CCCC2)cc1
CHEMBL1642474	8.72	1	O=c1cc(OCc2cccc(Cl)c2)ccn1-c1ccc(OCCN2CCCC2)cc1
CHEMBL1642475	8.77	1	O=c1cc(OCc2ccc(Cl)cc2)ccn1-c1ccc(OCCN2CCCC2)cc1
CHEMBL1642476	8.92	1	COc1ccc(COc2ccn(-c3ccc(OCCN4CCCC4)cc3)c(=O)c2)cc1
CHEMBL1642477	8.62	1	O=c1cc(OCc2ccc(C(F)(F)F)cc2)ccn1-c1ccc(OCCN2CCCC2)cc1
CHEMBL1642479	9.17	1	O=c1cc(OCc2ccc3ccccc3c2)ccn1-c1ccc(OCCN2CCCC2)cc1
CHEMBL1642482	8.24	1	O=c1cc(OCc2ccccc2)ccn1-c1ccc(OCCN2CCCCC2)cc1
CHEMBL1641614	8.09	1	O=c1cc(OCc2ccccc2)ccn1-c1ccc(OCCN2CCCC2)cc1
CHEMBL1642485	8.01	1	CCN(CC)CCOc1ccc(-n2ccc(OCc3ccccc3)cc2=O)cc1
CHEMBL1642486	8.37	1	CC(C)N(CCOc1ccc(-n2ccc(OCc3ccccc3)cc2=O)cc1)C(C)C
CHEMBL1642487	9.09	1	CN(CCOc1ccc(-n2ccc(OCc3ccccc3)cc2=O)cc1)Cc1ccccc1
CHEMBL1642490	8.24	1	CN1CCCCC1COc1ccc(-n2ccc(OCc3ccccc3)cc2=O)cc1
CHEMBL1642491	8.03	1	CN1CCCC1COc1ccc(-n2ccc(OCc3ccccc3)cc2=O)cc1
CHEMBL1642492	8.15	1	CCN(CC)CCNc1ccc(-n2ccc(OCc3ccccc3)cc2=O)cc1
CHEMBL1642493	8.77	1	CCN(CC)CCN(C)c1ccc(-n2ccc(OCc3ccccc3)cc2=O)cc1
CHEMBL1649928	8.0	1	CC(=O)NC(CCN1C2CCC1CC(n1c(C)nc3c1CCN(c1ccncn1)C3)C2)c1cccc(F)c1
CHEMBL1649929	6.0	1	CC(=O)NC(CCN1C2CCC1CC(n1c(C)nc3c1CCN(c1cnccn1)C3)C2)c1cccc(F)c1
CHEMBL1682748	7.25	1	CC(C)Oc1ccc(F)cc1-c1ccc(N2CCC(CNC(=O)c3ccc(-c4nc5cc(C#N)cc(C(C)C)c5o4)cc3)CC2)nc1
CHEMBL1760222	6.22	1	COc1ccc(C2CN(Cc3ccc(OC)c(OC)c3)CC2CNC(=O)c2cccc(Cl)c2)cc1
CHEMBL1760223	6.7	1	COc1ccc(C2CN(CCCc3ccc(OC)c(OC)c3)CC2CNC(=O)c2cccc(Cl)c2)cc1
CHEMBL1760226	7.33	1	COc1ccc(C2CN(CCc3cccc(OC)c3)CC2CNC(=O)c2cccc(Cl)c2)cc1
CHEMBL1760227	7.55	1	COc1ccc(CCN2CC(CNC(=O)c3cccc(Cl)c3)C(c3ccc(OC)cc3)C2)cc1
CHEMBL1760235	7.54	1	COc1ccc(C2CN(CCc3ccc(OC)c(OC)c3)CC2CC(=O)N(C)c2cccc(Cl)c2)cc1
CHEMBL1760236	7.47	1	COc1ccc(C2CN(CCc3ccc(OC)c(OC)c3)CC2CC(=O)NCc2cccc(Cl)c2)cc1
CHEMBL1760237	7.25	1	COc1ccc(C2CN(CCc3ccc(OC)c(OC)c3)CC2CCNC(=O)c2cccc(Cl)c2)cc1
CHEMBL1760242	7.55	1	COc1ccc(C2CN(CCc3ccc(OC)c(OC)c3)CC2Cc2nc3ccc(Cl)cc3[nH]2)cc1
CHEMBL1760243	7.8	1	COc1ccc(C2CN(CCc3ccc(OC)c(OC)c3)CC2CCc2nc3ccc(Cl)cc3[nH]2)cc1
CHEMBL1760244	7.35	1	COc1ccc(C2CN(CCc3ccc(OC)c(OC)c3)CC2CCc2cc3ccc(Cl)cc3[nH]2)cc1
CHEMBL1760245	6.43	1	COc1ccc(C2CN(CCCC3CCOCC3)CC2CC(=O)Nc2cccc(Cl)c2)cc1
CHEMBL1760246	6.92	1	COc1ccc(C2CN(CCC3CCOCC3)CC2CC(=O)Nc2cccc(Cl)c2)cc1
CHEMBL1760247	6.54	1	COc1ccc(C2CN(CCC3CCS(=O)(=O)CC3)CC2CC(=O)Nc2cccc(Cl)c2)cc1
CHEMBL1760250	6.85	1	COc1ccc(C2CN(CCCN(C)S(=O)(=O)c3ccccc3)CC2CC(=O)Nc2cccc(Cl)c2)cc1
CHEMBL1766529	6.34	1	CC(=O)N1CCN(c2cnc3cc(C(F)(F)F)cc(NCc4cccc([N+](=O)[O-])c4)c3c2)CC1
CHEMBL1767136	6.7	1	CN1CCCC1Cn1nc(Cc2ccc(Cl)cc2)c2ccccc2c1=O
CHEMBL1782580	6.52	1	CC(C)C1(C(=O)N2CCN(c3cc(C(F)(F)F)ccn3)CC2)CCC(NC2CCOCC2O)C1
CHEMBL1818825	6.14	1	COc1cc(-c2cn(Cc3cccc(OC(F)(F)F)c3)nn2)ccc1-n1cnc(C)c1
CHEMBL1818826	6.5	1	COc1cc(-c2cn(Cc3cc(C(C)(C)C)cc(C(C)(C)C)c3)nn2)ccc1-n1cnc(C)c1
CHEMBL1818827	7.0	1	COc1cc(-c2cn(Cc3cc(Br)cc(Br)c3)nn2)ccc1-n1cnc(C)c1
CHEMBL1818828	6.41	1	COc1cc(-c2cn(Cc3cc(C(F)(F)F)cc(C(F)(F)F)c3)nn2)ccc1-n1cnc(C)c1
CHEMBL1818829	6.41	1	COc1cc(-c2cn(Cc3ccc(C(C)(C)C)cc3)nn2)ccc1-n1cnc(C)c1
CHEMBL1819258	6.32	1	O=C(C=Cc1ccc(CNCCc2c(-c3cccs3)[nH]c3ccccc23)cc1)NO
CHEMBL1823340	6.38	1	c1ccc(-c2ccc(OCCCN3CCCCC3)cc2)cc1
CHEMBL1834635	6.08	1	Cn1nc(NCC(=O)NC2CN(C3CCC(c4ccc5c(c4)OCO5)CC3)C2)c2cc(C(F)(F)F)ccc21
CHEMBL1834852	8.06	1	COc1ccc(C2CCC(N3CC(NC(=O)CNc4noc5ccc(C(F)(F)F)cc45)C3)CC2)cn1
CHEMBL1834853	7.8	1	O=C(CNc1noc2ccc(C(F)(F)F)cc12)NC1CN(C2CCC(c3cncs3)CC2)C1
CHEMBL1834854	7.96	1	O=C(CNc1noc2ccc(C(F)(F)F)cc12)NC1CN(C2CCC(c3nccs3)CC2)C1
CHEMBL1835063	6.1	1	NC(=O)c1cnc(N2CCCC(N)C2)nc1Nc1cccc(C(F)(F)F)c1
CHEMBL1952144	6.4	1	FC(F)(F)Oc1cccc(-n2nnc3cc(Cl)c(NCC4CCNCC4)nc32)c1
CHEMBL2069499	6.82	1	CCCCC1(CCCC)NC(c2nc(-c3ccccc3)c[nH]2)Cc2c1[nH]c1ccccc21
CHEMBL2069500	7.11	1	c1ccc(-c2c[nH]c(C3Cc4c([nH]c5ccccc45)C(C4CCCCC4)N3)n2)cc1
CHEMBL2069501	6.75	1	CCOCC1(COCC)NC(c2nc(-c3ccccc3)c[nH]2)Cc2c1[nH]c1ccccc21
CHEMBL2069505	6.92	1	c1ccc(-c2c[nH]c(C3Cc4c([nH]c5ccccc45)C(C4CCSCC4)N3)n2)cc1
CHEMBL2069506	7.0	1	[O-][S+]1CCC(C2NC(c3nc(-c4ccccc4)c[nH]3)Cc3c2[nH]c2ccccc32)CC1
CHEMBL2069507	7.0	1	O=S1(=O)CCC(C2NC(c3nc(-c4ccccc4)c[nH]3)Cc3c2[nH]c2ccccc32)CC1
CHEMBL2069512	6.16	1	COC(=O)N1CCC(C2NC(c3nc(-c4ccccc4)c[nH]3)Cc3c2[nH]c2ccccc32)CC1
CHEMBL2069513	6.62	1	CNC(=O)N1CCC(C2NC(c3nc(-c4ccccc4)c[nH]3)Cc3c2[nH]c2ccccc32)CC1
CHEMBL2146754	6.72	1	O=[N+]([O-])c1ccc(CCN2CCNCC2)cc1
CHEMBL2146755	8.3	1	O=[N+]([O-])c1ccc(CCN2CCN(CCc3ccc([N+](=O)[O-])cc3)CC2)cc1
CHEMBL2146802	7.8	1	CCCCN1CCCC1Cn1nc(Cc2ccc(Cl)cc2)c2ccccc2c1=O
CHEMBL2146803	6.6	1	COCCN1CCCC1Cn1nc(Cc2ccc(Cl)cc2)c2ccccc2c1=O
CHEMBL2146806	7.3	1	CCCCN1CCCC1Cn1nc(Cc2ccc(Cl)cc2)c2cnccc2c1=O
CHEMBL2146807	7.1	1	CCCCN1CCCC1Cn1nc(Cc2ccc(Cl)cc2)c2cccnc2c1=O
CHEMBL2146809	6.8	1	CN1CCCC1Cn1nc(Cc2ccc(Cl)cc2)c2ncccc2c1=O
CHEMBL2146810	8.4	1	CCCCN1CCCC1Cn1nc(Cc2ccc(Cl)cc2)c2ncccc2c1=O
CHEMBL2146811	7.2	1	COCCN1CCCC1Cn1nc(Cc2ccc(Cl)cc2)c2ncccc2c1=O
CHEMBL2146813	6.8	1	O=c1c2ccncc2c(Cc2ccc(Cl)cc2)nn1CC1CCCN1CCCCc1ccc(OCCCN2CCCCCC2)cc1
CHEMBL2146851	7.38	1	N#Cc1ccc(CCN2CCN(CCc3ccc4nonc4c3)CC2)cc1
CHEMBL2146852	7.66	1	N#Cc1cccc(CCN2CCN(CCc3ccc([N+](=O)[O-])cc3)CC2)c1
CHEMBL2146853	7.6	1	O=[N+]([O-])c1ccc(CCN2CCN(CCc3ccc4nonc4c3)CC2)cc1
CHEMBL2146854	7.33	1	O=[N+]([O-])c1ccc(CCN2CCN(CCc3ccc(-c4ncco4)cc3)CC2)cc1
CHEMBL2146856	6.82	1	O=C1OCc2c1cccc2-c1ccc(CCN2CCN(CCc3ccc([N+](=O)[O-])cc3)CC2)cc1
CHEMBL2146857	7.72	1	CCOC(=O)c1ccc(CCN2CCN(CCc3ccc([N+](=O)[O-])cc3)CC2)cc1
CHEMBL2146858	7.64	1	O=[N+]([O-])c1ccc(CCN2CCN(CCc3ccc(F)cc3)CC2)cc1
CHEMBL2146861	8.15	1	COc1ccc(CCN2CCN(CCc3ccc([N+](=O)[O-])cc3)CC2)cc1
CHEMBL2146862	6.82	1	CS(=O)(=O)c1ccc(CCN2CCN(CCc3ccc([N+](=O)[O-])cc3)CC2)cc1
CHEMBL2146865	8.51	1	CC(CN1CCN(CCc2ccc([N+](=O)[O-])cc2)CC1)c1ccc([N+](=O)[O-])cc1
CHEMBL2146866	8.41	1	CC(Cc1ccc([N+](=O)[O-])cc1)N1CCN(CCc2ccc([N+](=O)[O-])cc2)CC1
CHEMBL2146867	9.12	1	CC1CN(CCc2ccc([N+](=O)[O-])cc2)CCN1CCc1ccc([N+](=O)[O-])cc1
CHEMBL2146868	7.92	1	N#Cc1ccc(CCN2CCN(CCc3ccc(C#N)cc3)CC2)cc1
CHEMBL2146869	7.17	1	c1cc2nonc2cc1CCN1CCN(CCc2ccc3nonc3c2)CC1
CHEMBL2146872	6.55	1	O=C1OCc2cc(CCN3CCN(CCc4ccc5nonc5c4)CC3)ccc21
CHEMBL2146874	6.92	1	N#Cc1ccc(CCN2CCN(CCc3ccc4c(c3)COC4=O)CC2)cc1Cl
CHEMBL2146875	6.25	1	N#Cc1ccc(CCN2CCN(CCc3ccc4c(c3)COC4=O)CC2)cc1Br
CHEMBL2146877	6.17	1	CCOc1cc(CCN2CCN(CCc3ccc4c(c3)COC4=O)CC2)ccc1C#N
CHEMBL2146878	6.96	1	N#Cc1ccc(CCN2CCN(CCc3ccc4c(c3)COC4=O)CC2)cc1OC(F)(F)F
CHEMBL2146879	6.33	1	N#Cc1ccc(CCN2CCN(CCc3ccc4c(c3)COC4=O)CC2)cc1OC1CC1
CHEMBL2146880	6.34	1	CSc1cc(CCN2CCN(CCc3ccc4c(c3)COC4=O)CC2)ccc1C#N
CHEMBL2146881	6.17	1	CNc1cc(CCN2CCN(CCc3ccc4c(c3)COC4=O)CC2)ccc1C#N
CHEMBL2207285	6.1	1	O=C(NCC(O)CN1CCC(Oc2ccc(Cl)c(Cl)c2)CC1)c1c[nH]c(=O)c2cc(S(=O)(=O)NC3CC3)ccc12
CHEMBL2207286	6.0	1	CN(C)S(=O)(=O)c1ccc2c(C(=O)NCC(O)CN3CCC(Oc4ccc(Cl)c(Cl)c4)CC3)c[nH]c(=O)c2c1
CHEMBL2207654	6.0	1	O=C(NCC(O)CN1CCC(Oc2ccc(Cl)c(Cl)c2)CC1)c1c[nH]c(=O)c2cc(S(=O)(=O)N3CCC3)ccc12
CHEMBL2324242	6.68	1	C[n+]1c(CCCOc2ccccc2)cccc1CCCOc1ccccc1
CHEMBL2324243	6.8	1	COc1ccc(OCCCc2cccc(CCCOc3ccc(OC)cc3)[n+]2C)cc1
CHEMBL2324244	7.85	1	C[n+]1c(CCCOc2ccc(Cl)cc2)cccc1CCCOc1ccc(Cl)cc1
CHEMBL2324245	7.22	1	C[n+]1c(CCCOc2cccc(Cl)c2)cccc1CCCOc1cccc(Cl)c1
CHEMBL2324246	7.13	1	C[n+]1c(CCCOc2ccccc2Cl)cccc1CCCOc1ccccc1Cl
CHEMBL2324247	7.13	1	c1ccc(OCc2cccc(COc3ccccc3)n2)cc1
CHEMBL2324248	6.12	1	C[n+]1c(COc2ccccc2)cccc1COc1ccccc1
CHEMBL2324251	6.33	1	C[n+]1c(CCc2ccccc2)cccc1CCc1ccccc1
CHEMBL2324254	8.29	1	Cc1ccc(CCN(C)CCOc2ccc(C)cc2)cc1
CHEMBL2324256	6.77	1	Cc1ccc(OCCCc2cc(N)cc(CCCOc3ccc(C)cc3)n2)cc1
CHEMBL2324257	8.0	1	Clc1ccc(OCCCc2cccc(CCCOc3ccc(Cl)cc3)n2)cc1
CHEMBL2324261	6.46	1	Cc1ccc(Cc2cc[n+](C)c(COc3ccc(C)cc3)c2)cc1
CHEMBL2324262	7.28	1	Cc1ccc(OCc2cccc(COc3ccc(C)cc3)[n+]2C)cc1
CHEMBL2324263	6.97	1	Cc1ccc(COCc2cccc(COCc3ccc(C)cc3)[n+]2C)cc1
CHEMBL2324264	6.87	1	Cc1ccc(CCOCc2cccc(COCCc3ccc(C)cc3)[n+]2C)cc1
CHEMBL2325199	7.62	1	Cc1ccc(CCCOCc2cccc(COCCCc3ccc(C)cc3)[n+]2C)cc1
CHEMBL2325200	7.4	1	Cc1ccc(C#CCOCc2cccc(COCC#Cc3ccc(C)cc3)[n+]2C)cc1
CHEMBL2325201	6.54	1	Cc1ccc(C#Cc2cccc(C#Cc3ccc(C)cc3)[n+]2C)cc1
CHEMBL2325204	7.62	1	Cc1ccc(CCc2cccc(CCc3ccc(C)cc3)[n+]2C)cc1
CHEMBL2325205	7.07	1	Cc1ccc(OCCCc2cccc(CCCOc3ccc(C)cc3)[n+]2C)cc1
CHEMBL2325206	6.43	1	Cc1ccc(CCOCCCc2cccc(CCCOCCc3ccc(C)cc3)[n+]2C)cc1
CHEMBL2325208	7.82	1	CCCCCCCCc1cccc(CCCCCCCC)[n+]1C
CHEMBL2325210	6.26	1	C[n+]1c(C#Cc2ccccc2)cccc1C#Cc1ccccc1
CHEMBL2325212	6.53	1	C[n+]1c(C#Cc2ccc(-c3ccccc3)cc2)cccc1C#Cc1ccc(-c2ccccc2)cc1
CHEMBL2325213	6.42	1	COc1ccc(C#Cc2cccc(C#Cc3ccc(OC)cc3)[n+]2C)cc1
CHEMBL2441429	7.96	1	O=[N+]([O-])c1ccc(CCN2CCN(CCc3ccc(-n4cnnn4)cc3)CC2)cc1
CHEMBL2441430	7.34	1	O=C(Cc1ccc([N+](=O)[O-])cc1)N1CCN(CCc2ccc([N+](=O)[O-])cc2)CC1
CHEMBL2441433	6.8	1	O=C(Cc1ccc(-n2cnnn2)cc1)N1CCN(CCc2ccc([N+](=O)[O-])cc2)CC1
CHEMBL2441434	6.38	1	N#Cc1ccc(CCN2CCN(C(=O)Cc3ccc(-n4cnnn4)cc3)CC2)cc1
CHEMBL3093950	6.08	1	CCCCCCCN(CC)CC#CCOCc1ccc(Cl)cc1
CHEMBL3093955	6.62	1	CCCCCCCN(CC)CC=CCCc1ccc(Cl)cc1
CHEMBL3093957	8.82	1	CCCCCCC[N+](CC)(CC)CC=CCc1ccc(Cl)cc1
CHEMBL3093958	6.3	1	CCCCCCCN(CC)CCCCc1ccccc1
CHEMBL3093962	7.24	1	CCCCCCCN1CCC(Cc2ccccc2)CC1
CHEMBL3093963	6.91	1	CCCCCCCN1CCC(C(=O)c2ccccc2)CC1
CHEMBL3093965	7.4	1	CCCCCCC[N+](CC)(CC)CC#Cc1ccc(Cl)cc1
CHEMBL3093969	6.06	1	CCCCCCCN(CC)CC#CCc1ccc(Cl)cc1
CHEMBL3093972	6.62	1	CCCCCCCN(CC)CC#CC(c1ccccc1)c1ccccc1
CHEMBL3093976	6.12	1	CCCCCCCN(CC)CC#CCCc1ccc(Cl)cc1
CHEMBL3093984	6.61	1	CCCCCCCN(CC)CC=Cc1ccc(Cl)cc1
CHEMBL3093986	7.31	1	CCCCCCCN(CC)CC=CCc1ccc(Cl)cc1
CHEMBL3093987	6.01	1	CCCCCCCN(CC)CC#CCOC(c1ccccc1)c1ccccc1
CHEMBL3216702	6.0	1	CCCn1c(-c2ccccn2)cc(C(=O)NCCCN2CCN(c3cccc(Cl)c3Cl)CC2)c1C
CHEMBL3217141	6.05	1	Cc1[nH]c(-c2ccccn2)cc1C(=O)NCCCN1CCN(c2cccc(Cl)c2Cl)CC1
CHEMBL3221107	6.68	1	CCNC(=O)N1CCN(c2cnc3cc(C(F)(F)F)cc(NCc4cccc([N+](=O)[O-])c4)c3c2)CC1
CHEMBL3221109	6.41	1	O=C(N1CCOCC1)N1CCN(c2cnc3cc(C(F)(F)F)cc(NCc4cccc([N+](=O)[O-])c4)c3c2)CC1
CHEMBL3221111	6.76	1	CN1CCN(c2cnc3cc(C(F)(F)F)cc(NCc4cccc(C#N)c4)c3c2)CC1
CHEMBL3221125	6.97	1	CN1CCN(c2cnc3cc(C(F)(F)F)cc(NCc4cccc5nonc45)c3c2)CC1
CHEMBL3422754	6.5	1	COc1ccc2ncc(Cl)c(CCC34CCC(NCc5ccc6c(n5)NC(=O)CO6)(CC3)CO4)c2n1
CHEMBL3422755	6.25	1	COc1ccc2nccc(CCC34CCC(NCc5ccc6c(n5)NC(=O)CO6)(CC3)CO4)c2n1
CHEMBL3422756	6.43	1	COc1ccc2ncc(C#N)c(CCC34CCC(NCc5ccc6c(n5)NC(=O)CO6)(CC3)CO4)c2n1
CHEMBL3422757	6.89	1	COc1ccc2ncc(C(F)(F)F)c(CCC34CCC(NCc5ccc6c(n5)NC(=O)CO6)(CC3)CO4)c2n1
CHEMBL3422765	8.32	1	O=C1COc2ccc(CNC34CCC(CCc5c(F)cnc6ccc(O)nc56)(CC3)OC4)nc2N1
CHEMBL3422768	8.06	1	COC(=O)c1ccc2ncc(F)c(CCC34CCC(NCc5ccc6c(n5)NC(=O)CO6)(CC3)CO4)c2n1
CHEMBL3422947	8.41	1	N#Cc1ccc2ncc(F)c(CCC34CCC(NCc5ccc6c(n5)NC(=O)CO6)(CC3)CO4)c2n1
CHEMBL3422948	8.49	1	Nc1ccc2ncc(F)c(CCC34CCC(NCc5ccc6c(n5)NC(=O)CO6)(CC3)CO4)c2n1
CHEMBL3422949	8.08	1	CN(C)c1ccc2ncc(F)c(CCC34CCC(NCc5ccc6c(n5)NC(=O)CO6)(CC3)CO4)c2n1
CHEMBL3422950	7.94	1	O=C1COc2ccc(CNC34CCC(CCc5c(F)cnc6ccc(N7CCOCC7)nc56)(CC3)OC4)nc2N1
CHEMBL3421646	7.86	1	COc1cc2ncc(F)c(CCC34CCC(NCc5ccc6c(n5)NC(=O)CO6)(CC3)CO4)c2nc1OC
CHEMBL3422952	9.14	1	COc1nc2c(CCC34CCC(NCc5ccc6c(n5)NC(=O)CO6)(CC3)CO4)c(F)cnc2cc1F
CHEMBL3422953	8.54	1	COc1cc(C)c2ncc(F)c(CCC34CCC(NCc5ccc6c(n5)NC(=O)CO6)(CC3)CO4)c2n1
CHEMBL3422954	8.92	1	CCOc1cc(C)c2ncc(F)c(CCC34CCC(NCc5ccc6c(n5)NC(=O)CO6)(CC3)CO4)c2n1
CHEMBL3422957	8.77	1	COc1nc2c(CCC34CCC(NCc5ccc6c(n5)NC(=O)CO6)(CC3)CO4)c(F)cnc2cc1C(F)(F)F
CHEMBL3422958	7.91	1	Cc1cc(S(C)(=O)=O)nc2c(CCC34CCC(NCc5ccc6c(n5)NC(=O)CO6)(CC3)CO4)c(F)cnc12
CHEMBL3422959	9.05	1	O=C1COc2ccc(CNC34CCC(CCc5c(F)cnc6cc(C(F)(F)F)cnc56)(CC3)OC4)nc2N1
CHEMBL3422960	7.74	1	CN(C)c1cnc2c(CCC34CCC(NCc5ccc6c(n5)NC(=O)CO6)(CC3)CO4)c(F)cnc2c1
CHEMBL3422961	8.48	1	O=C1COc2ccc(CNC34CCC(CCc5c(F)cnc6cc(Cl)cnc56)(CC3)OC4)nc2N1
CHEMBL3422962	8.78	1	N#Cc1ccc2ncc(C#N)c(CCC34CCC(NCc5ccc6c(n5)NC(=O)CO6)(CC3)CO4)c2n1
CHEMBL3422963	8.38	1	COc1nc2c(CCC34CCC(NCc5ccc6c(n5)NC(=O)CO6)(CC3)CO4)ccnc2cc1Cl
CHEMBL3422964	8.85	1	COc1cc2nccc(CCC34CCC(NCc5ccc6c(n5)NC(=O)CO6)(CC3)CO4)c2nc1OC
CHEMBL3422965	8.6	1	COc1nc2c(CCC34CCC(NCc5ccc6c(n5)NC(=O)CO6)(CC3)CO4)ccnc2cc1F
CHEMBL3422966	8.8	1	COc1nc2c(CCC34CCC(NCc5ccc6c(n5)NC(=O)CO6)(CC3)CO4)ccnc2cc1C#N
CHEMBL3422967	8.28	1	COc1cc(C)c2nccc(CCC34CCC(NCc5ccc6c(n5)NC(=O)CO6)(CC3)CO4)c2n1
CHEMBL3422968	8.75	1	COc1cc(OC)c2nccc(CCC34CCC(NCc5ccc6c(n5)NC(=O)CO6)(CC3)CO4)c2n1
CHEMBL3422969	8.38	1	COc1cc(CCC23CCC(NCc4ccc5c(n4)NC(=O)CO5)(CC2)CO3)c2nc(OC)ccc2n1
CHEMBL3422970	9.06	1	Cc1nc2c(CCC34CCC(NCc5ccc6c(n5)NC(=O)CO6)(CC3)CO4)ccnc2cc1C#N
CHEMBL3422971	8.71	1	COc1cc2nccc(CCC34CCC(NCc5ccc6c(n5)NC(=O)CO6)(CC3)CO4)c2nc1C#N
CHEMBL3422972	7.88	1	COc1cc2nccc(CCC34CCC(NCc5ccc6c(n5)NC(=O)CO6)(CC3)CO4)c2nc1C(=O)O
CHEMBL3422973	8.68	1	Cc1cc(C#N)nc2c(CCC34CCC(NCc5ccc6c(n5)NC(=O)CO6)(CC3)CO4)ccnc12
CHEMBL3422974	8.17	1	Cc1cc(S(C)(=O)=O)nc2c(CCC34CCC(NCc5ccc6c(n5)NC(=O)CO6)(CC3)CO4)ccnc12
CHEMBL3422975	8.64	1	CN(C)c1nc2c(CCC34CCC(NCc5ccc6c(n5)NC(=O)CO6)(CC3)CO4)ccnc2cc1C(F)(F)F
CHEMBL3422976	8.92	1	CN(C)c1nc2c(CCC34CCC(NCc5ccc6c(n5)NC(=O)CO6)(CC3)CO4)ccnc2cc1F
CHEMBL3422977	9.0	1	O=C1COc2ccc(CNC34CCC(CCc5ccnc6ccc(C(F)(F)F)nc56)(CC3)OC4)nc2N1
CHEMBL3422978	9.41	1	O=C1COc2ccc(CNC34CCC(CCc5ccnc6cc(C(F)(F)F)cnc56)(CC3)OC4)nc2N1
CHEMBL3422979	7.81	1	COc1cnc2c(CCC34CCC(NCc5ccc6c(n5)NC(=O)CO6)(CC3)CO4)ccnc2c1
CHEMBL3422980	8.31	1	O=C1COc2ccc(CNC34CCC(CCc5ccnc6cc(Cl)cnc56)(CC3)OC4)nc2N1
CHEMBL3422981	7.78	1	O=C1COc2ccc(CNC34CCC(CCc5ccnc6cc(F)cnc56)(CC3)OC4)nc2N1
CHEMBL3422982	8.1	1	CCOC(=O)c1c(OC)cnc2c(CCC34CCC(NCc5ccc6c(n5)NC(=O)CO6)(CC3)CO4)ccnc12
CHEMBL3425934	7.5	1	O=c1ccc2ncc(F)c3c2n1CC3(O)CC12CCC(NCC=Cc3c(F)cccc3F)(CC1)CO2
CHEMBL3425935	8.1	1	O=c1ccc2ncc(F)c3c2n1CC3(O)CC12CCC(NCC=Cc3cc(F)ccc3F)(CC1)CO2
CHEMBL3425936	7.19	1	O=c1ccc2ncc(F)c3c2n1CC3(O)CC12CCC(NCC=Cc3ccc(F)cc3)(CC1)CO2
CHEMBL3425939	7.19	1	O=c1ccc2ncc(F)c3c2n1CC3(O)CC12CCC(NCC=Cc3ccccc3)(CC1)CO2
CHEMBL3425940	7.19	1	O=c1ccc2ncc(F)c3c2n1CC3(O)CC12CCC(NCC=Cc3ccccn3)(CC1)CO2
CHEMBL3425941	7.5	1	O=c1ccc2ncc(F)c3c2n1CC3(O)CC12CCC(NCCCc3cc(F)ccc3F)(CC1)CO2
CHEMBL3425942	7.19	1	O=c1ccc2ncc(F)c3c2n1CC3(O)CC12CCC(NCOc3cc(F)ccc3F)(CC1)CO2
CHEMBL3425943	7.8	1	O=c1ccc2ncc(F)c3c2n1CC3(O)CC12CCC(NCc3cc(-c4cccs4)on3)(CC1)CO2
CHEMBL3582312	6.7	1	c1ccc(-c2c[nH]c(C3Cc4c([nH]c5ccccc45)C(C4CCCCC4)N3)n2)nc1
CHEMBL3582313	6.72	1	c1cncc(-c2c[nH]c(C3Cc4c([nH]c5ccccc45)C(C4CCCCC4)N3)n2)c1
CHEMBL3582314	7.05	1	c1ccc2c3c([nH]c2c1)C(C1CCCCC1)NC(c1nc(-c2ccncc2)c[nH]1)C3
CHEMBL3582315	6.47	1	c1ccc2c3c([nH]c2c1)C(C1CCCCC1)NC(c1nc(-c2cnccn2)c[nH]1)C3
CHEMBL3582316	6.77	1	Fc1ccc(-c2c[nH]c(C3Cc4c([nH]c5ccccc45)C(C4CCCCC4)N3)n2)nc1
CHEMBL3604690	6.0	1	COc1ccc2ncc(F)c(CCC34CCC(NCc5nc6c(cc5C)OCC(=O)N6)(CC3)CO4)c2n1
CHEMBL3604691	6.52	1	COc1ccc2ncc(F)c(CCC34CCC(NCc5cc(C)c6c(n5)NC(=O)CO6)(CC3)CO4)c2n1
CHEMBL3604692	6.3	1	COc1ccc2ncc(F)c(CCC34CCC(NCc5nc6c(c(C)c5C)OCC(=O)N6)(CC3)CO4)c2n1
CHEMBL3604693	6.16	1	CCc1c(CNC23CCC(CCc4c(F)cnc5ccc(OC)nc45)(CC2)OC3)nc2c(c1C)OCC(=O)N2
CHEMBL3604797	6.3	1	C=Cc1c(CNC23CCC(CCc4c(F)cnc5ccc(OC)nc45)(CC2)OC3)nc2c(c1C)OCC(=O)N2
CHEMBL3604798	6.05	1	COc1ccc2ncc(F)c(CCC34CCC(NCc5nc6c(c(C)c5F)OCC(=O)N6)(CC3)CO4)c2n1
CHEMBL3604802	6.1	1	COc1ccc2ncc(F)c(CCC34CCC(NCc5ccc6c(n5)N(C)C(=O)CO6)(CC3)CO4)c2n1
CHEMBL3605012	6.05	1	O=C1COc2ccc(CNC34CCC(CCc5c(F)cnc6ccc(OCCc7cc(=O)c(O)c[nH]7)nc56)(CC3)OC4)nc2N1
CHEMBL3605117	6.0	1	CCOC(=O)CCCOc1ccc2ncc(F)c(CCC34CCC(NCc5ccc6c(n5)NC(=O)CO6)(CC3)CO4)c2n1
CHEMBL3605119	6.4	1	COC(=O)CCCCOc1ccc2ncc(F)c(CCC34CCC(NCc5ccc6c(n5)NC(=O)CO6)(CC3)CO4)c2n1
CHEMBL3605123	6.16	1	O=C1COc2ccc(CNC34CCC(CCc5c(F)cnc6ccc(OCCCCCO)nc56)(CC3)OC4)nc2N1
CHEMBL3605139	6.7	1	NC1CC1COc1ccc2ncc(F)c(CCC34CCC(NCc5ccc6c(n5)NC(=O)CO6)(CC3)CO4)c2n1
CHEMBL3605140	6.4	1	CCOc1ccc2ncc(F)c(CCC34CCC(NCc5ccc6c(n5)NC(=O)CO6)(CC3)CO4)c2n1
CHEMBL3605145	6.3	1	O=C1COc2ccc(CNC34CCC(CCc5c(F)cnc6ccc(OC7CCC7)nc56)(CC3)OC4)nc2N1
CHEMBL3605147	6.16	1	O=C1COc2ccc(CNC34CCC(CCc5c(F)cnc6ccc(OC(F)F)nc56)(CC3)OC4)nc2N1
CHEMBL3609628	6.0	1	COc1cc(-c2cn(C3CCc4ccccc4N(Cc4ccccc4)C3=O)nn2)ccc1-n1cnc(C)c1
CHEMBL3609635	6.05	1	COc1cc(-c2cn(C3CCc4c(ccc5ccccc45)N(CC(F)(F)F)C3=O)nn2)ccc1-n1cnc(C)c1
CHEMBL3609639	6.28	1	COc1cc(-c2cn(C3CCc4c(ccc(Br)c4F)N(CC(F)(F)F)C3=O)nn2)ccc1-n1cnc(C)c1
CHEMBL3612795	6.82	1	O=C1OCc2cc(CCN3CCN(CCc4ccc([N+](=O)[O-])cc4)CC3)ccc21
CHEMBL3752808	6.0	1	COc1ccc2ncc(F)c(C(CC34CCC(NCc5ccc6c(n5)NC(=O)CO6)(CC3)CO4)C(=O)O)c2n1
CHEMBL3786469	6.7	1	Cc1cc(F)ccc1C1CCN(CC2Cc3ccccc3CN2)CC1
CHEMBL3785952	6.01	1	Cc1cc(F)ccc1C1CCN(CC2Cc3c(Cl)ccc(O)c3CN2)CC1
CHEMBL3787051	6.3	1	CC(=O)N1Cc2ccccc2CC1CN1CCC2(CCc3ccccc32)CC1
CHEMBL3785095	6.0	1	Oc1ccc(Br)c2c1CNC(CN1CCC3(CCc4ccccc43)CC1)C2
CHEMBL3785718	6.03	1	Oc1cccc2c1CNC(CN1CCC3(CCc4ccccc43)CC1)C2
CHEMBL3785728	6.47	1	Oc1ccc2c(c1)CC(CN1CCC3(CCc4ccccc43)CC1)NC2
CHEMBL3921827	6.0	1	c1cnc2c(N3CCN(CCCc4ccc(OCCCN5CCCCCC5)cc4)CC3)cccc2c1
CHEMBL3941777	6.36	1	N=C(N)NN=Cc1ccc(-c2ccc(C=NNc3ccccc3Br)cc2)cc1
CHEMBL3942186	6.0	1	CC1CC(N)CN(c2ccncc2Nc2ncc3ccc(-c4c(F)cccc4F)nn23)C1
CHEMBL4059750	7.06	1	CCCCc1cc(OC2CCN(CCCCNS(=O)(=O)CCC)CC2)c2ncccc2c1
CHEMBL4060529	6.4	1	COCCCC(=O)NCCN1CCCC1Cn1nc(Cc2ccc(Cl)cc2)c2ccccc2c1=O
CHEMBL4060765	6.89	1	CCCCc1cc(OC2CCN(CCCCNS(=O)(=O)C(C)C)CC2)c2ncccc2c1
CHEMBL4063163	7.02	1	CCCCc1cc(OC2CCN(CCCCS(=O)(=O)NCCC)CC2)c2ncccc2c1
CHEMBL4065123	6.6	1	CCCCc1cc(OC2CCN(CCCCN(C)S(=O)(=O)CC)CC2)c2ncccc2c1
CHEMBL4069073	6.55	1	CCCCc1cc(OC2CCN(CCCS(=O)(=O)NC(C)(C)C)CC2)c2ncccc2c1
CHEMBL4070123	6.71	1	Cc1c(C(O)CN2CCC3(CC2)CCN(c2ccc(C#N)cn2)CC3)ccc2c1COC2=O
CHEMBL4072929	7.27	1	Cc1c(C(O)CN2CCC3(CC2)CCN(c2cc(-c4ccccc4)no2)C3=O)ccc2c1COC2=O
CHEMBL4073895	6.7	1	Nc1nc(NCc2cc(C3CC3)on2)c2c(ccn2Cc2ccccn2)n1
CHEMBL4077588	7.0	1	Nc1nccn2c(C3CCCN(C4CCOCC4)C3)nc(-c3ccc(C(=O)Nc4cc(C(F)(F)F)ccn4)cc3F)c12
CHEMBL4078859	6.16	1	COc1ccc(Cn2ccc3nc(N)nc(NCc4cc(C)on4)c32)nc1OC
CHEMBL4079248	7.12	1	CCCCc1cc(OC2CCN(CCNS(=O)(=O)CC)CC2)c2ncccc2c1
CHEMBL4080166	7.2	1	CCCCc1cc(OC2CCN(CCCNS(=O)(=O)CC)CC2)c2ncccc2c1
CHEMBL4080513	6.05	1	Cc1cc(CNc2nc(N)nc3ccn(Cc4ncccc4Cl)c23)no1
CHEMBL4080880	7.54	1	CCCCc1cc(OC2CCN(CCCS(=O)(=O)CCC)CC2)c2ncccc2c1
CHEMBL4082646	7.36	1	CCCCc1cc(OC2CCN(CCCCNS(=O)(=O)CC(C)C)CC2)c2ncccc2c1
CHEMBL4084325	6.33	1	CCCCc1cc(OC2CCN(CCCS(=O)(=O)C(C)(C)C)CC2)c2ncccc2c1
CHEMBL4086348	6.4	1	CC1(C(=O)N2CC(c3nc(-c4ccc(C(=O)Nc5cc(C(F)(F)F)ccn5)cc4)c4c(N)nccn34)C2)COC1
CHEMBL4088036	7.11	1	CCCCc1cc(OC2CCN(CCCCNS(=O)(=O)CC)CC2)c2ncccc2c1
CHEMBL4088039	7.74	1	CCCCc1cc(OC2CCN(CCCCNS(=O)(=O)C3CCCCC3)CC2)c2ncccc2c1
CHEMBL4088372	6.3	1	Cc1cc(CNc2nc(N)nc3ccn(Cc4ccc(C(F)(F)F)cn4)c23)no1
CHEMBL4090136	6.2	1	CCCCc1cc(OC2CCN(CCS(=O)(=O)NC(C)(C)C)CC2)c2ncccc2c1
CHEMBL4091946	6.25	1	O=C(O)c1ccc2c(c1)C(=O)OC21CCN(c2ccc(-c3nc4cc(C(F)(F)F)ccc4[nH]3)cn2)CC1
CHEMBL4093627	8.02	1	Cc1c(C(O)CN2CCC3(CC2)CCN(c2cc(-c4ccccc4)ns2)C3=O)ccc2c1COC2=O
CHEMBL4095759	6.52	1	CCCCc1cc(OC2CCN(CCCCS(=O)(=O)C(C)(C)C)CC2)c2ncccc2c1
CHEMBL4098192	7.7	1	CCCCc1cc(OC2CCN(CCCCNS(C)(=O)=O)CC2)c2ncccc2c1
CHEMBL4098533	6.3	1	Cc1cc(CNc2nc(N)nc3ccn(Cc4cc(Cl)ccn4)c23)no1
CHEMBL4098917	7.12	1	CCCCc1cc(OC2CCN(CCCS(=O)(=O)CC)CC2)c2ncccc2c1
CHEMBL4102287	7.04	1	CCCCc1cc(OC2CCN(CCCS(=O)(=O)C(C)C)CC2)c2ncccc2c1
CHEMBL639	7.0	1	CN1CCCC(n2nc(Cc3ccc(Cl)cc3)c3ccccc3c2=O)CC1
CHEMBL487059	6.77	1	O=c1c2ccccc2nc(-c2ccc(OCCCN3CCCCC3)cc2)n1Cc1ccccc1
CHEMBL487060	6.34	1	O=c1c2ccccc2nc(-c2ccc(OCCCN3CCCCC3)cc2)n1-c1ccccc1
CHEMBL453894	6.46	1	Cn1c(-c2ccc(OC3CCN(C4CCC4)CC3)cc2)nc2c(C(F)(F)F)cccc2c1=O
CHEMBL518431	6.15	1	O=c1c2ccccc2ncn1-c1ccc(OCCCN2CCCC2)cc1
CHEMBL476322	6.46	1	Cc1nc2c(C(F)(F)F)cccc2c(=O)n1-c1ccc(OCCCN2CCCC2)cc1
CHEMBL562464	7.2	1	O=C1N(CCN2CC3CCC2Cc2ccccc2C3)CCN1c1cccc(Cl)c1
CHEMBL559873	6.1	1	O=C1N(CCN2CCCc3sccc3C2)CCN1c1cccc(Cl)c1
CHEMBL562833	6.1	1	CC1(C)C2CCC13CCN(CCN1CCN(c4cccc(Cl)c4)C1=O)C3C2
CHEMBL564514	7.92	1	c1ccc(C2Sc3ccccc3OC2c2ccc(OCCCN3CCCC3)cc2)cc1
CHEMBL560923	8.36	1	CC1=C(c2ccc(OCCCN3CCCC3)cc2)Oc2ccccc2S1
CHEMBL565007	6.0	1	COc1ccc2c(c1)S(=O)(=O)C(C)C(c1ccc(OCCCN3CCCC3)cc1)O2
CHEMBL541435	6.0	1	COCC1C2CCC1CN(CCN1CCN(c3cccc(Cl)c3)C1=O)C2
CHEMBL561128	8.1	1	O=C1N(CCN2CCC(c3ccc(Cl)cc3)CC2)CCN1c1cccc(Cl)c1
CHEMBL561326	6.6	1	O=C1N(CCN2CCC(c3nnc(-c4ccccc4)o3)CC2)CCN1c1cccc(Cl)c1
CHEMBL550393	7.6	1	CC1Sc2ccccc2OC1c1ccc(OCCCN2CCCC2)cc1
CHEMBL549433	7.96	1	CCC1Sc2ccccc2OC1c1ccc(OCCCN2CCCC2)cc1
CHEMBL556100	6.33	1	CC1=C(c2ccc(OCCCN3CCCC3)cc2)Oc2ccccc2S1(=O)=O
CHEMBL565075	6.4	1	O=C1N(CCN2CC3CCC(CC3)C2)CCN1c1cccc(Cl)c1
CHEMBL551927	7.2	1	CC12CC(c3ccccc3)CC(C1)N(CCN1CCN(c3cccc(Cl)c3)C1=O)C2
CHEMBL556496	6.7	1	COc1cccc(C2CCCN(CCN3CCN(c4cccc(Cl)c4)C3=O)C2)c1
CHEMBL557110	7.1	1	O=C1N(CCN2CCCC(OCc3ccccc3)C2)CCN1c1cccc(Cl)c1
CHEMBL563926	6.2	1	COc1cccc(CCN(C)CCN2CCN(c3cccc(Cl)c3)C2=O)c1
CHEMBL582978	6.51	1	ON=C(c1ccc(CN2CCC3(CC2)OCc2cc(F)ncc23)cc1)c1ccc(F)c(F)c1
CHEMBL1081685	6.3	1	Cc1ccc2c(-c3nnc(SCCCN4CC5CC5(c5ccc(C(F)(F)F)cc5)C4)n3C)cccc2n1
CHEMBL1081747	6.0	1	Cc1ncoc1-c1nnc(SCCCN2CC3CC3(c3ccc(Cl)cc3F)C2)n1C
CHEMBL1079481	6.0	1	Cc1ncoc1-c1nnc(SCCCN2CC3CC3(c3ccc(C(F)(F)F)cc3)C2)n1C
CHEMBL1079824	6.0	1	Cc1ncoc1-c1nnc(SCCCN2CC3CC3(c3ccc(C(C)(C)C)cc3)C2)n1C
CHEMBL1081934	6.0	1	Cc1ncoc1-c1nnc(SCCCN2CC3CC3(c3cccc(OC(F)(F)F)c3)C2)n1C
CHEMBL1082106	6.1	1	Cc1ncoc1-c1nnc(SCCCN2CC3CC3(c3ccc(Br)cc3)C2)n1C
CHEMBL1080490	6.1	1	Cc1ncoc1-c1nnc(SCCCN2CC3CC3(c3ccc(Cl)cc3)C2)n1C
CHEMBL1081966	6.5	1	Cc1ncoc1-c1nnc(SCCCN2CC3CC3(c3ccc(OC(F)(F)F)cc3)C2)n1C
CHEMBL1080846	6.0	1	Cc1ncoc1-c1nnc(SCCCN2CC3CC3(c3ccc(Cl)c(Cl)c3)C2)n1C
CHEMBL1081023	6.0	1	Cc1ncoc1-c1nnc(SCCCN2CC3CC3(c3ccc(C(F)(F)F)cc3F)C2)n1C
CHEMBL1081401	6.6	1	Cc1ccc2c(-c3nnc(SCCCN4CC5CC5(c5ccc(C(C)(C)C)cc5)C4)n3C)cccc2n1
CHEMBL1080164	6.3	1	Cc1ccc2c(-c3nnc(SCCCN4CC5CC5(c5ccc(Br)cc5)C4)n3C)cccc2n1
CHEMBL1080126	6.2	1	Cc1ncoc1-c1nnc(SCCCN2CC3CC3(c3ccc(C(F)(F)F)c(F)c3)C2)n1C
CHEMBL1169572	6.39	1	Cc1cc(Cl)ccc1-c1nc2c(cc1-c1ccc(Cl)cc1)C(N=C(O)C(O)C(F)(F)F)CC(C)(C)O2
CHEMBL1760059	6.8	1	COc1ccc(C2CN(CCc3ccc(OC)c(OC)c3)CC2CNC(=O)c2cccc(Cl)c2)cc1
CHEMBL1760234	7.18	1	COc1ccc(C2CN(CCc3ccc(OC)c(OC)c3)CC2CC(=O)Nc2cccc(Cl)c2)cc1
CHEMBL1767164	7.3	1	O=c1c2ccccc2c(Cc2ccc(Cl)cc2)nn1CC1CCCN1CCCCc1ccc(OCCCN2CCCCCC2)cc1
CHEMBL2069503	6.14	1	c1ccc(-c2c[nH]c(C3Cc4c([nH]c5ccccc45)C(C4CCOCC4)N3)n2)cc1
CHEMBL2069504	7.19	1	c1ccc(-c2c[nH]c(C3Cc4c([nH]c5ccccc45)C(C4CCOC4)N3)n2)cc1
CHEMBL2146757	8.05	1	N#Cc1ccc(CCN2CCN(CCc3ccc([N+](=O)[O-])cc3)CC2)cc1
CHEMBL2146871	6.37	1	N#Cc1ccc(CCN2CCN(CCc3ccc4c(c3)COC4=O)CC2)cc1
CHEMBL2146873	6.77	1	N#Cc1ccc(CCN2CCN(CCc3ccc4c(c3)COC4=O)CC2)cc1F
CHEMBL3093961	6.91	1	CCCCCCCN(CC)CCCCCc1ccc(Cl)cc1
CHEMBL3221134	6.32	1	[H]C(Nc1cc(C(F)(F)F)cc2ncc(N3CCN(CC([H])([H])O)CC3)cc12)c1cccc([N+](=O)[O-])c1
CHEMBL3422983	8.59	1	COc1ccc2ncc(C#N)c(CC(O)C34CCC(NCc5ccc6c(n5)NC(=O)CO6)(CC3)CO4)c2n1
CHEMBL3425937	7.8	1	O=c1ccc2ncc(F)c3c2n1CC3(O)CC12CCC(NCC(F)=Cc3cc(F)ccc3F)(CC1)CO2
CHEMBL3605002	6.22	1	COC(=O)C1CC1COc1ccc2ncc(F)c(CCC34CCC(NCc5ccc6c(n5)NC(=O)CO6)(CC3)CO4)c2n1
CHEMBL4068414	6.7	1	CCCCc1cc(OC2CCN(CCC(C)S(=O)(=O)CC)CC2)c2ncccc2c1
CHEMBL2	4.62	0	COc1cc2nc(N3CCN(C(=O)c4ccco4)CC3)nc(N)c2cc1OC
CHEMBL42	4.98	0	CN1CCN(C2=Nc3cc(Cl)ccc3Nc3ccccc32)CC1
CHEMBL55	4.8	0	N=C(N)c1ccc(OCCCCCOc2ccc(C(=N)N)cc2)cc1
CHEMBL72	4.55	0	CNCCCN1c2ccccc2CCc2ccccc21
CHEMBL490	4.98	0	Fc1ccc(C2CCNCC2COc2ccc3c(c2)OCO3)cc1
CHEMBL511	4.9	0	COc1ccc(CN(CCN(C)C)c2ccccn2)cc1
CHEMBL516	4.77	0	CN1CCC(=C2c3ccccc3C=Cc3ccccc32)CC1
CHEMBL549	4.78	0	CN(C)CCCC1(c2ccc(F)cc2)OCc2cc(C#N)ccc21
CHEMBL17350	5.0	0	CC(C(O)c1ccc(O)cc1)N1CCC(O)(c2ccccc2)CC1
CHEMBL597	4.7	0	Cc1ccc(N(CC2=NCCN2)c2cccc(O)c2)cc1
CHEMBL629	4.75	0	CN(C)CCC=C1c2ccccc2CCc2ccccc21
CHEMBL657	4.5	0	CN(C)CCOC(c1ccccc1)c1ccccc1
CHEMBL715	4.0	0	Cc1cc2c(s1)Nc1ccccc1N=C2N1CCN(C)CC1
CHEMBL850	4.33	0	CC1CN(c2c(F)c(N)c3c(=O)c(C(=O)O)cn(C4CC4)c3c2F)CC(C)N1
CHEMBL998	4.41	0	CCOC(=O)N1CCC(=C2c3ccc(Cl)cc3CCc3cccnc32)CC1
CHEMBL1123	4.69	0	CCN(CC)CCOC(=O)C1(C2CCCCC2)CCCCC1
CHEMBL344227	4.56	0	O=C(C=Cc1ccc(CNCCc2c[nH]c3ccccc23)cc1)NO
CHEMBL356066	4.99	0	O=C(C=Cc1ccc(CN(CCO)CCc2c[nH]c3ccccc23)cc1)NO
CHEMBL372575	4.3	0	Cc1noc(C(=Cc2cccc(-c3cc(C(C)(C)S(C)(=O)=O)cc4cccnc34)c2)c2ccc(S(C)(=O)=O)cc2)n1
CHEMBL375131	4.96	0	FC(F)(F)Oc1ccccc1CC(c1ccccc1)N1CCNCC1
CHEMBL384111	4.6	0	O=C(NC1CCN(C2CCc3cc4oc(=O)[nH]c4cc32)CC1)c1cc(=O)c2ccc(F)cc2o1
CHEMBL384919	4.84	0	O=C1COc2cc3c(cc2N1)C(N1CCC(NC(=O)c2cc(=O)c4ccc(F)cc4o2)CC1)CC3
CHEMBL215457	4.57	0	CCc1nc2ccc(CN3CCC(NC(=O)c4cc(=O)c5ccc(F)cc5o4)CC3)cc2o1
CHEMBL384043	4.7	0	CCc1nc2cc(CN3CCC(NC(=O)c4cc(=O)c5ccc(F)cc5o4)CC3)ccc2o1
CHEMBL216959	4.62	0	O=C1CN(CCc2ccc(F)cc2)CCN1C1CCc2cc(CN3CCS(=O)(=O)CC3)ccc2C1
CHEMBL217435	4.6	0	O=C(NC1CCN(Cc2ccc3oc(=O)[nH]c3c2)CC1)c1cc(=O)c2ccc(F)cc2o1
CHEMBL386717	4.6	0	CC(=O)N1CCN(Cc2ccc3c(c2)CCC(N2CCN(CCc4ccc(F)cc4)CC2=O)C3)CC1
CHEMBL216314	5.0	0	CN(C)Cc1ccc2c(c1)CCC(N(C)C(=O)c1ccc(-c3ccc(F)cc3)nc1)C2
CHEMBL385710	4.6	0	CN(C)C(=O)C(CO)N(C)Cc1ccc2c(c1)CCC(N1CCN(CCc3ccc(F)cc3)CC1=O)C2
CHEMBL216741	4.85	0	CN(C)Cc1ccc2c(c1)CCC(N(C)C(=O)c1ccc(-c3ccc(Cl)cn3)cc1)C2
CHEMBL267320	4.52	0	CN(C)Cc1ccc2c(c1)CCC(N(C)C(=O)c1ccc(-c3ccccn3)cc1)C2
CHEMBL216524	4.46	0	O=C(NC1CCN(Cc2ccc3ncoc3c2)CC1)c1cc(=O)c2ccc(F)cc2o1
CHEMBL217875	4.96	0	O=C1CN(CCc2ccc(F)cc2)CCN1C1CCc2cc(CN3CCOCC3)ccc2C1
CHEMBL384030	4.89	0	CS(=O)(=O)N1CCN(Cc2ccc3c(c2)CCC(N2CCN(CCc4ccc(F)cc4)CC2=O)C3)CC1
CHEMBL215526	4.88	0	CCN(CC)Cc1ccc2c(c1)CCC(N1CCN(CCC3CCCS3)CC1=O)C2
CHEMBL266725	4.32	0	Cn1c(=O)ccc2ccc(CN3CCC(NC(=O)c4cc(=O)c5ccc(F)cc5o4)CC3)cc21
CHEMBL386281	4.29	0	O=C(NC1CCN(Cc2ccc3ccc(=O)oc3c2)CC1)c1cc(=O)c2ccc(F)cc2o1
CHEMBL216323	4.07	0	O=C(NC1CCN(Cc2ccc3oc(=O)oc3c2)CC1)c1cc(=O)c2ccc(F)cc2o1
CHEMBL269352	4.22	0	CC(=O)Nc1cccc(CN2CCC(NC(=O)c3cc(=O)c4ccc(F)cc4o3)CC2)c1
CHEMBL216482	4.07	0	O=C(NC1CCN(Cc2ccc3ccc(=O)[nH]c3c2)CC1)c1cc(=O)c2ccc(F)cc2o1
CHEMBL216406	4.7	0	CN(C)Cc1ccc2c(c1)CCC(N(C)C(=O)c1ccc(-c3ccccc3)cn1)C2
CHEMBL384427	4.55	0	O=C(N1Cc2ccccc2C1)N1CCCC1CN1CCCC1
CHEMBL219592	4.71	0	CC(C)N1CCN(C(=O)N2Cc3ccccc3C2)CC1
CHEMBL373860	4.28	0	O=C(N1CCN(C2CC2)CC1)N1Cc2ccccc2C1
CHEMBL441705	4.91	0	O=C(N1CCN(C2CCCC2)CC1)N1Cc2ccccc2C1
CHEMBL219074	4.42	0	CC(C)N1CCN(C(=O)N2CCC(Cc3ccccc3)CC2)CC1
CHEMBL219128	4.17	0	CC(C)N1CCN(C(=O)N2CCC(C(C)(C)C)CC2)CC1
CHEMBL374493	4.28	0	CC(C)N1CCN(C(=O)N2CCC(c3ccccc3)CC2)CC1
CHEMBL375571	4.65	0	CC(C)N1CCN(C(=O)N2CC=C(c3ccccc3)CC2)CC1
CHEMBL218836	4.4	0	O=C(NCc1ccc(C(F)(F)F)cc1)N1CCCC1CN1CCCC1
CHEMBL240923	4.8	0	CN(C)C(=O)N1CC(c2cc(F)ccc2F)=CC1(CCC(N)C(F)F)c1ccccc1
CHEMBL237394	4.98	0	CCOc1ccc(-n2ncc(-c3ccc4cc(CCN5CCCC5C)ccc4n3)c2C)nn1
CHEMBL393581	4.7	0	Cc1c(-c2ccc3cc(CCN4CCCC4C)ccc3n2)cnn1-c1ccccn1
CHEMBL237191	4.98	0	Cc1nc(N2CCCC2)ncc1-c1ccc2cc(CCN3CCCC3C)ccc2n1
CHEMBL442242	4.61	0	Cc1nn(C)cc1-c1ccc2cc(CCN3CCCC3C)ccc2n1
CHEMBL263101	4.4	0	Cc1nc2ncccc2cc1-c1ccc2cc(CCN3CCCC3C)ccc2n1
CHEMBL400612	4.9	0	N#Cc1ccc(C(=O)N2CCN(c3ccc(OCCCN4CCCCCC4)cc3)C(=O)C2)cc1
CHEMBL238872	4.3	0	O=C(c1ccc(F)cc1F)N1CCN(c2ccc(OCCCN3CCCCCC3)cc2)C(=O)C1
CHEMBL239963	4.7	0	O=C(c1ccc(F)cc1)N1CCN(c2ccc(OC3CCN(C4CCCC4)CC3)cc2)C(=O)C1
CHEMBL392354	4.6	0	O=C(c1ccc(F)cc1F)N1CCN(c2ccc(OC3CCN(C4CCCC4)CC3)cc2)C(=O)C1
CHEMBL248296	4.19	0	CN(C)CCCOc1ccc(CN2CCC(NC(=O)c3cc(=O)c4ccc(F)cc4o3)CC2)cc1F
CHEMBL248297	4.38	0	O=C(NC1CCN(Cc2ccc(OCCCN3CCCCC3)c(F)c2)CC1)c1cc(=O)c2ccc(F)cc2o1
CHEMBL247690	4.47	0	O=C(NC1CCN(Cc2ccc(OCCCN3CCOCC3)c(F)c2)CC1)c1cc(=O)c2ccc(F)cc2o1
CHEMBL246050	4.18	0	O=C(NCCN1CCCCC1)c1ccc(CN2CCC(NC(=O)c3cc(=O)c4ccc(F)cc4o3)CC2)cc1
CHEMBL246258	4.96	0	O=C(NCCN1CCCC1)c1ccc(CN2CCC(NC(=O)c3cc(=O)c4ccc(F)cc4o3)CC2)c(Cl)c1
CHEMBL246817	4.8	0	CC(C(O)c1ccc2c(c1)CCC(=O)N2)N1CCC(O)(c2ccc3c(c2)COCC3)CC1
CHEMBL404852	5.0	0	CC(C(O)c1ccc2c(c1)CCC(=O)N2)N1CCC(O)(c2cccc(F)c2)CC1
CHEMBL246818	4.96	0	COc1cccc(C2(O)CCN(C(C)C(O)c3ccc4c(c3)CCC(=O)N4)CC2)c1
CHEMBL1493	4.62	0	Cc1c(-c2ccccc2)oc2c(C(=O)OCCN3CCCCC3)cccc2c1=O
CHEMBL255857	4.91	0	Cc1nc(CN(c2ccccc2)C2CCN(C3(C)CCN(C(=O)c4c(C)cc[n+]([O-])c4C)CC3)CC2)cs1
CHEMBL402624	4.71	0	CC(C)(O)C1(C(=O)NCc2cc(C(F)(F)F)cc(C(F)(F)F)c2)CCC(N2CCC(c3cccc(C(=O)O)c3)CC2)C1
CHEMBL273208	4.95	0	CNCc1cnc(C)cc1Oc1ccccc1Oc1ccccc1
CHEMBL255620	4.7	0	Cc1ccc2c(-c3nnc(SCCCN4CCc5cc6nc(N(C)C)oc6cc5CC4)n3C)cccc2n1
CHEMBL255827	4.5	0	Cc1nc2cc3c(cc2o1)CCN(CCCSc1nnc(-c2ocnc2C)n1C)CC3
CHEMBL273165	5.0	0	Cc1ccc2c(-c3nnc(SCCC(C)N4CCc5cc6nc(C)oc6c(Br)c5CC4)n3C)cccc2n1
CHEMBL270239	4.9	0	Cc1ccc2c(-c3nnc(SCCC(C)N4CCc5cc6nc(C)oc6c(C)c5CC4)n3C)cccc2n1
CHEMBL257901	4.9	0	Cc1ccc2c(-c3nnc(SCCN4CCc5cc6nc(C)oc6c(C)c5CC4)n3C)cccc2n1
CHEMBL272702	5.0	0	CC(=O)N1CCOc2cc3c(cc21)CCN(CCCSc1nnc(-c2cccc4nc(C)ccc24)n1C)CC3
CHEMBL256650	4.3	0	Cc1ccc2c(-c3nnc(SCCN4CCc5cc6nc(C)oc6cc5CC4)n3C)cccc2n1
CHEMBL257534	4.6	0	Cc1ncoc1-c1nnc(SCCCN2CCc3cc4c(cc3CC2)N(C)C(=O)CO4)n1C
CHEMBL272300	4.4	0	Cc1ccc2c(-c3nnc(SCCC(C)N4CCc5cc6c(cc5CC4)C(=O)N(C)C6)n3C)cccc2n1
CHEMBL272302	4.8	0	CCc1nc2cc3c(cc2o1)CCN(CCCSc1nnc(-c2cccnc2)n1C)CC3
CHEMBL269995	5.0	0	Cc1nc2cc3c(cc2o1)CCN(CCCSc1nnc(-c2ccc(F)c(F)c2)n1C)CC3
CHEMBL256653	4.3	0	Cc1nc2cc3c(cc2o1)CCN(CCCSc1nnc(-c2cccnc2)n1C)CC3
CHEMBL270853	4.5	0	Cc1ccc2c(-c3nnc(SCCCCN4CCc5cc6c(cc5CC4)C(=O)N(C)C6)n3C)cccc2n1
CHEMBL271073	4.3	0	Cc1nc2cc3c(cc2o1)CCN(CCCCSc1nnc(-c2ocnc2C)n1C)CC3
CHEMBL502393	5.0	0	Nc1ccc(-c2nnc(C3CCN(Cc4ccc(-c5nc6cc[nH]c(=O)c6cc5-c5ccccc5)cc4)CC3)[nH]2)cn1
CHEMBL472125	4.7	0	Cc1ccccc1C1CCN(CC2CCc3cccnc3C(O)C2)CC1CO
CHEMBL512896	4.4	0	Cc1ccccc1C1CCN(CC2CCc3cccnc3C(O)C2)CC1O
CHEMBL472304	4.89	0	Cc1cc(F)ccc1C1CCN(CC2CCc3cccnc3C(O)C2)CC1O
CHEMBL513423	4.89	0	OC1CC(CN2CCC(c3ccc(F)cc3Cl)C(O)C2)CCc2cccnc21
CHEMBL487827	4.96	0	OC1CC(CN2CCC(c3ccccc3)CC2)CCc2cccnc21
CHEMBL518922	4.96	0	CC1(c2ccccc2)CCN(CC2CCc3cccnc3C(O)C2)CC1
CHEMBL472388	4.98	0	CNCc1cc(C(F)(F)F)ccc1Oc1ccc(C)cc1
CHEMBL488021	4.7	0	CNCc1cc(F)ccc1Oc1ccc(C)c(C)c1
CHEMBL487188	5.0	0	CNCc1cc(OC)c(OC)cc1Oc1ccc(Cl)c(Cl)c1
CHEMBL453653	5.0	0	COc1cccc2nc(-c3ccc(OC4CCN(C5CCC5)CC4)cc3)n(C)c(=O)c12
CHEMBL453892	5.0	0	COc1cccc2c(=O)n(C)c(-c3ccc(OC4CCN(C5CCC5)CC4)cc3)nc12
CHEMBL507360	5.0	0	COc1nccc2c(=O)n(C)c(-c3ccc(OC4CCN(C5CCC5)CC4)cc3)nc12
CHEMBL480130	4.82	0	O=C1CCCN1C1CCN(Cc2ccc(Oc3nc4ccccc4s3)cc2)CC1
CHEMBL518155	4.62	0	O=C1OCCN1C1CCN(Cc2ccc(Oc3nc4ccccc4s3)cc2)CC1
CHEMBL480131	4.7	0	CC(=O)NC1CCN(Cc2ccc(Oc3nc4ccccc4s3)cc2)CC1
CHEMBL479382	4.52	0	CC(=O)OCC(=O)NC1CCN(Cc2ccc(Oc3nc4ccccc4s3)cc2)CC1
CHEMBL479796	4.84	0	CN1CCC(N(C)C(=O)N2CC(c3cc(F)ccc3F)=CC2(CO)c2ccccc2)CC1
CHEMBL518148	4.72	0	CN(C(=O)N1CC(c2cc(F)ccc2F)=CC1(CO)c1ccccc1)C1CCNCC1
CHEMBL481920	4.86	0	CN(C(=O)N1CC(c2cc(F)ccc2F)=CC1(CO)c1ccccc1)C1CCN(CCF)CC1
CHEMBL481921	4.82	0	CN(C(=O)N1CC(c2cc(F)ccc2F)=CC1(CO)c1ccccc1)C1CCN(C2CC2)CC1
CHEMBL492396	4.64	0	Cc1c(CNC2CCCC2)nn(-c2ncccc2Cl)c1-c1cccnc1
CHEMBL494767	4.8	0	Cc1ccc(-c2c(C)c(CNC3CCCC3)nn2-c2ncccc2Cl)cn1
CHEMBL513855	4.52	0	Cc1ccc(-c2c(C)c(CNC3CCCC3F)nn2-c2ncccc2Cl)cn1
CHEMBL468308	4.54	0	Cc1ccc(-c2c(C)c(CNC3CCC(F)C3)nn2-c2ncccc2Cl)cn1
CHEMBL468518	4.68	0	Cc1ccc(-c2c(C)c(CNC3CCC(F)(F)C3)nn2-c2ncccc2Cl)cn1
CHEMBL512975	4.64	0	Cc1ncc(-c2c(C)c(CNC3CCCC3)nn2-c2ncccc2Cl)cc1F
CHEMBL466648	4.39	0	Cc1ncc(-c2c(C)c(CNC3CCC(F)C3)nn2-c2ncccc2Cl)cc1F
CHEMBL467533	4.96	0	CCN1CCN(c2cc3[nH]c(C(=O)C4(CC)CCC(C)(O)CC4)nc3cc2Cl)CC1
CHEMBL478406	5.0	0	Cc1ccc2nc(C)n(-c3ccc(OCCCN4CCCC4)cc3)c(=O)c2c1
CHEMBL477990	5.0	0	COc1cccc2nc(C)n(-c3ccc(OCCCN4CCCC4)cc3)c(=O)c12
CHEMBL477991	5.0	0	COc1ccc2nc(C)n(-c3ccc(OCCCN4CCCC4)cc3)c(=O)c2c1
CHEMBL477152	5.0	0	COc1cccc2c(=O)n(-c3ccc(OCCCN4CCCC4)cc3)c(C)nc12
CHEMBL477356	5.0	0	Cc1nc2cccc(F)c2c(=O)n1-c1ccc(OCCCN2CCCC2)cc1
CHEMBL515150	5.0	0	Cc1nc2c(F)cccc2c(=O)n1-c1ccc(OCCCN2CCCC2)cc1
CHEMBL476323	5.0	0	Cc1nc2cccc(C(F)(F)F)c2c(=O)n1-c1ccc(OCCCN2CCCC2)cc1
CHEMBL477201	5.0	0	COc1ccc2c(=O)n(-c3ccc(OCCCN4CCCC4)cc3)c(C)nc2c1
CHEMBL476373	5.0	0	Cc1nc2ccccc2c(=O)n1-c1ccc(OCCCN2CCCC2)cc1
CHEMBL456172	4.5	0	CC(C)NC(=O)c1cn(-c2cccc(Br)c2)c2ncccc2c1=O
CHEMBL456173	4.15	0	CC(C)NC(=O)c1cn(-c2ccccc2)c2ncccc2c1=O
CHEMBL484753	4.64	0	CC(C)NC(=O)c1cn(-c2cccc(-c3ccc(S(C)(=O)=O)cc3)c2)c2ncccc2c1=O
CHEMBL484754	4.73	0	O=C(NC1CC1)c1cn(-c2cccc(-c3ccncc3)c2)c2ncccc2c1=O
CHEMBL519355	4.47	0	O=C(NC1CC1)c1cn(-c2cccc(-c3cccnc3)c2)c2ncccc2c1=O
CHEMBL484931	4.87	0	CS(=O)(=O)c1ccc(-c2cccc(-n3cc(C(=O)NC4CC4)c(=O)c4cccnc43)c2)cn1
CHEMBL520502	4.44	0	CC(C)(O)c1ccc(-c2cccc(-n3cc(C(=O)NC4CC4)c(=O)c4cccnc43)c2)cn1
CHEMBL485620	4.3	0	CC(C)(O)c1ccc(-c2cccc(-n3cc(C(=O)NC4CC4)c(=O)c4cccnc43)c2)c[n+]1[O-]
CHEMBL521509	4.78	0	O=C(NC1CC1)c1cn(-c2cccc(C#Cc3cccnc3)c2)c2ncccc2c1=O
CHEMBL485629	4.18	0	O=C(NC1CC1)c1cn(-c2cccc(C#Cc3ccc[n+]([O-])c3)c2)c2ncccc2c1=O
CHEMBL520463	4.05	0	CC(C)(O)c1ccc(C#Cc2cccc(-n3cc(C(=O)NC4CC4)c(=O)c4cccnc43)c2)c[n+]1[O-]
CHEMBL484740	5.0	0	Cc1nc2ccccc2c(=O)n1-c1ccc(OC2CCC(N3CCCC3)C2)cc1
CHEMBL464600	4.5	0	CC(C)CNC(=O)c1cn(-c2cccc(Br)c2)c2ncccc2c1=O
CHEMBL548279	4.4	0	COc1ccc2nccc(C(O)CN3CCC(NCc4ccc5c(c4)OCCO5)CC3)c2c1
CHEMBL536991	4.5	0	Cc1ccc(C(=O)N2CCN(c3ccc(OCCCN4CCCCC4)cc3)C(=O)C2)cc1
CHEMBL559206	4.2	0	O=C(c1ccccc1)N1CCN(c2ccc(OCCCN3CCCCC3)cc2)C(=O)C1
CHEMBL540634	4.5	0	O=C(c1ccc(Cl)cc1)N1CCN(c2ccc(OC3CCN(C4CCC4)CC3)cc2)C(=O)C1
CHEMBL565031	4.7	0	O=C1N(CCN2Cc3ccccc3C2)CCN1c1cc(Cl)ccc1F
CHEMBL564477	4.5	0	Cc1ccc(N2CCN(CCN3Cc4ccccc4C3)C2=O)cn1
CHEMBL559920	4.6	0	COc1cccc(N2CCN(CCN3CCC(C(F)(F)F)CC3)C2=O)c1
CHEMBL564812	4.82	0	CCc1c(CNC2CCC(F)C2)nc(-c2ncccc2Cl)n1-c1ccc(C)nc1
CHEMBL562176	5.0	0	N#Cc1cc(N2CCN(CCN3Cc4ccccc4C3)C2=O)ccc1F
CHEMBL561396	5.0	0	Cc1ccc(-n2c(-c3ncccc3Cl)nc(CNC3CCCC3)c2C(C)C)cn1
CHEMBL561397	4.82	0	Cc1ccc(-n2c(-c3ncccc3Cl)nc(CNC3CCC(F)C3)c2C(C)C)cn1
CHEMBL551208	4.51	0	Cc1ccc(-n2c(-c3ncccc3Cl)nc(CNC3CCC(F)C3)c2C)cn1
CHEMBL552460	4.5	0	Cc1ccc(N2CCN(CCN3Cc4ccccc4C3)C2=O)s1
CHEMBL550849	4.9	0	O=C1N(CCN2CCC(C(F)(F)F)CC2)CCN1c1cccc(Cl)c1F
CHEMBL554299	4.72	0	Cc1ccc(-n2c(-c3ncccc3Cl)nc(CNC3CCCC3)c2C)cn1
CHEMBL569846	4.8	0	O=C1N(CCN2CCC(C(F)(F)F)CC2)CCN1c1cccc(O)c1
CHEMBL549759	5.0	0	CC(=O)n1ccc2cc(N3CCN(CCN4Cc5ccccc5C4)C3=O)ccc21
CHEMBL554914	4.6	0	O=C1N(CCN2Cc3ccccc3C2)CCN1Cc1ccccc1
CHEMBL571456	4.9	0	CC(C)N1CCN(CCN2CCN(c3cccc(C#N)c3)C2=O)CC1
CHEMBL570998	4.7	0	CC(C)N1CCN(CCN2CCN(c3cccc(Cl)c3F)C2=O)CC1
CHEMBL550358	4.2	0	COc1cccc(N2CCN(CCN3CCN(C(C)C)CC3)C2=O)c1
CHEMBL564108	4.8	0	CC(C)N1CCN(CCN2CCN(c3ccc(F)c(C#N)c3)C2=O)CC1
CHEMBL556300	4.47	0	Cc1nc(CNC2CCC(F)C2)c(C(C)C)n1-c1cc(F)cc(F)c1
CHEMBL563593	4.8	0	COCCc1nc(CNC2CCC(F)C2)n(C(C)C)c1-c1ccc(Cl)cc1
CHEMBL559118	4.89	0	CC1CCCN1CCc1ccc(-c2ccc(S(=O)(=O)NC3CCOCC3)cc2)cc1
CHEMBL575241	4.71	0	Nc1ccc(-c2cnc3nc(N4CCC(N5CCCCC5)CC4)sc3c2)cn1
CHEMBL574387	4.4	0	CC(=O)Nc1ccc(-c2cnc3nc(N4CCC(N5CCCCC5)CC4)sc3c2)cn1
CHEMBL575476	4.63	0	c1ncc(-c2cnc3nc(N4CCC(N5CCCCC5)CC4)sc3c2)cn1
CHEMBL573493	4.4	0	Nc1cnc(-c2cnc3nc(N4CCC(N5CCCCC5)CC4)sc3c2)cn1
CHEMBL1080787	4.7	0	CC(C)CN(C(=O)c1cccc(Cl)c1Cl)C1CCNC1
CHEMBL1093113	4.9	0	O=C(NCc1ccc(F)cc1)N(c1ccc(Cl)cc1)C1CCN(CCO)CC1
CHEMBL1093696	4.92	0	O=C(NCc1ccc(F)cc1)N(c1ccc(Cl)cc1)C1CCN(Cc2ccnnc2)CC1
CHEMBL1092109	4.86	0	O=C(NCc1ccccc1)N(c1ccc(Br)cc1)C1CCN(Cc2ccnnc2)CC1
CHEMBL1086561	4.69	0	Cc1nc(N2CCOCC2)sc1-c1ccc2cc(CCN3CCCC3C)ccc2n1
CHEMBL1085866	4.95	0	Cc1nc(-c2ccccn2)sc1-c1ccc2cc(CCN3CCCC3C)ccc2n1
CHEMBL1084384	4.4	0	CC1CCCN1CCc1ccc2nc(-c3cn4c(n3)SCC4)ccc2c1
CHEMBL1082496	4.75	0	CC1CCCN1CCc1ccc2nc(-c3ccccn3)ccc2c1
CHEMBL1086072	4.91	0	Cc1nc(-c2nc(-c3ccc4cc(CCN5CCCC5C)ccc4n3)cs2)cs1
CHEMBL1086074	4.4	0	CC1CCCN1CCc1ccc2nc(-c3cnc4c(c3)OCO4)ccc2c1
CHEMBL1084616	4.68	0	CC1CCCN1CCc1ccc2nc(-c3ccn4ncnc4n3)ccc2c1
CHEMBL1083462	4.75	0	Cc1c(-c2ccc3cc(CCN4CCCC4C)ccc3n2)cnn1-c1ccc(N(C)C)nn1
CHEMBL1084877	4.78	0	Cc1cc(C(F)(F)F)cc(-n2ncc(-c3ccc4cc(CCN5CCCC5C)ccc4n3)c2C)n1
CHEMBL1086514	4.7	0	CC1CCCN1CCc1ccc2nc(-c3ccc(-n4ccc(=O)cc4)cc3)ccc2c1
CHEMBL1085337	4.65	0	CC1CCN(c2ccc3cc(CCN4CCCC4C)ccc3n2)CC1
CHEMBL1083707	4.67	0	c1ccc(C(Cc2cccc3c2OCC3)N2CCNCC2)cc1
CHEMBL1082489	4.65	0	COc1ncc(-c2ccc3cc(CCN4CCCC4C)ccc3n2)cn1
CHEMBL1085828	4.4	0	CC1CCCN1CCc1ccc2nc(-c3cncnc3)ccc2c1
CHEMBL1086273	4.68	0	COc1c(F)cccc1CC(c1ccccc1)N1CCNCC1
CHEMBL1086275	4.98	0	Fc1cccc(OC(F)F)c1CC(c1ccccc1)N1CCNCC1
CHEMBL1085959	4.4	0	COc1ccccc1CC(c1ccccc1F)N1CCNCC1
CHEMBL1085567	4.8	0	COc1ccccc1CC(c1ccc(F)cc1)N1CCNCC1
CHEMBL1082447	4.7	0	Cc1ccc(-c2ccc3cc(CCN4CCCC4C)ccc3n2)c(C)n1
CHEMBL1085783	4.4	0	CC1CCCN1CCc1ccc2nc(-c3c(O)ccnc3C(F)(F)F)ccc2c1
CHEMBL1085964	4.61	0	CC1CCCN1CCc1ccc2nc(-c3cnccn3)ccc2c1
CHEMBL1084294	4.69	0	CC1CCCN1CCc1ccc2nc(-c3csc(-c4cc(Cl)nc(Cl)c4)n3)ccc2c1
CHEMBL1084559	4.69	0	Cc1nc(C)c(-c2ccc3cc(CCN4CCCC4C)ccc3n2)s1
CHEMBL1084560	4.92	0	CC1CCCN1CCc1ccc2nc(-c3cccnc3)ccc2c1
CHEMBL1083406	4.55	0	CC1CCCN1CCc1ccc2nc(-c3ccncc3)ccc2c1
CHEMBL1082781	4.58	0	Cc1ccc(-c2ccc3cc(CCN4CCCC4C)ccc3n2)cn1
CHEMBL1086032	4.4	0	CC1CCCN1CCc1ccc2ncccc2c1
CHEMBL1086034	4.36	0	CC1CCCN1CCc1ccc2nc(C3CC3)ccc2c1
CHEMBL1084826	4.4	0	Cc1n[nH]c(C)c1-c1ccc2cc(CCN3CCCC3C)ccc2n1
CHEMBL1084827	4.4	0	Cc1c(-c2ccc3cc(CCN4CCCC4C)ccc3n2)cnn1C
CHEMBL1084314	4.75	0	Cc1n[nH]cc1-c1ccc2cc(CCN3CCCC3C)ccc2n1
CHEMBL1084581	4.4	0	CC1CCCN1CCc1ccc2nc(-c3ccn[nH]3)ccc2c1
CHEMBL1084582	4.4	0	CC1CCCN1CCc1ccc2nc(-c3cn[nH]c3)ccc2c1
CHEMBL1083274	4.4	0	Cc1nc(C)c(-c2ccc3cc(CCN4CCCC4C)ccc3n2)o1
CHEMBL1086521	4.94	0	CC1CCCN1CCc1ccc2nc(-c3nccs3)ccc2c1
CHEMBL1085591	4.6	0	CC1CCCN1CCc1ccc2nc(C3=NCCS3)ccc2c1
CHEMBL1085592	4.5	0	Cc1nc(-c2cnccn2)sc1-c1ccc2cc(CCN3CCCC3C)ccc2n1
CHEMBL1214595	4.93	0	Cc1cccc(N2CCN(CCNC(=O)c3cc(C(C)(C)C)n(C)c3C)CC2)c1C
CHEMBL1288689	5.0	0	CC(C)(O)C(=O)N1CCC(CCN2CCC(N(C(=O)NCc3ccc(C#N)cc3)c3cccc(F)c3)CC2)(c2cccc(F)c2)CC1
CHEMBL1289181	4.9	0	CC(C)S(=O)(=O)NC1COCC1c1ccc(-c2ccc(C#N)cc2)cc1
CHEMBL1289294	4.9	0	CC(C)S(=O)(=O)NC1COCC1c1ccc(-c2ccc(F)nc2)cc1
CHEMBL1289610	4.3	0	Cc1ncccc1N1CC2(CCC(c3nc4cc(OC(F)(F)F)ccc4[nH]3)CC2)OC1=O
CHEMBL1289819	4.8	0	O=C1OC2(CCC(c3nc4cc(OC(F)(F)F)ccc4[nH]3)CC2)CN1c1cccnc1F
CHEMBL1289960	4.5	0	CC(C)S(=O)(=O)NC1CN(C)CC1c1ccc(-c2cccc(NS(C)(=O)=O)c2)cc1
CHEMBL1290037	5.0	0	N#Cc1ccc2[nH]c(C3CCC4(CC3)CN(c3ccccc3)C(=O)O4)nc2c1
CHEMBL1290147	4.9	0	N#Cc1ccc2[nH]c(C3CCC4(CC3)CN(c3ccccn3)C(=O)O4)nc2c1
CHEMBL1290503	4.9	0	CC(=O)Nc1cccc(-c2ccc(C3CN(C)CC3NS(=O)(=O)C(C)C)cc2)c1
CHEMBL1290731	4.5	0	CC(C)S(=O)(=O)NC1CN(C)CC1c1ccc(-c2cccnc2)cc1
CHEMBL1649931	4.92	0	CC(=O)NC(CCN1C2CCC1CC(n1c(C)nc3c1CCN(C(=O)C(C)C)C3)C2)c1cccc(F)c1
CHEMBL1760230	4.69	0	COc1ccc(C2CN(CCCC3CCNCC3)CC2CNC(=O)c2cccc(Cl)c2)cc1
CHEMBL1771129	4.95	0	Cc1cccc(C2CCC(CNC(=O)c3ccc(-c4nc5cc(C#N)cc(C(C)C)c5o4)cc3)CC2)c1
CHEMBL1771138	4.9	0	Cc1ccc(-c2ccc(N3CC(CNC(=O)c4ccc(-c5nc6cc(C#N)cc(C(C)C)c6o5)cc4)OC3=O)nc2)s1
CHEMBL1782377	4.77	0	COC1COCCC1N(C)C1CCC(C(=O)N2CCN(c3cc(C(F)(F)F)ccn3)CC2)(C(C)C)C1
CHEMBL1782378	4.28	0	COC1COCCC1N(C)C1CCC(C(=O)N2CCN(c3cc(C(F)(F)F)cnn3)CC2)(C(C)C)C1
CHEMBL1782569	4.45	0	COC1COCCC1NC1CCC(C(=O)N2CCN(c3ccnc(C(F)(F)F)n3)CC2)(C(C)C)C1
CHEMBL1782570	4.37	0	COC1COCCC1NC1CCC(C(=O)N2CCN(c3cc(C(F)(F)F)ncn3)CC2)(C(C)C)C1
CHEMBL1782572	4.5	0	COC1COCCC1NC1CCC(C(=O)N2CCN(c3cc(C(F)(F)F)cnn3)CC2)(C(C)C)C1
CHEMBL1819259	4.5	0	Cc1noc(C)c1-c1[nH]c2ccccc2c1CCNCc1ccc(C=CC(=O)NO)cc1
CHEMBL1819272	4.98	0	O=C(C=Cc1ccc(CNCCc2c(-c3ccccc3)nn3ccccc23)cc1)NO
CHEMBL1819273	5.0	0	Cc1nn2ccccc2c1CCN(Cc1ccc(C=CC(=O)NO)cc1)C(C)C
CHEMBL1822864	4.4	0	Cc1nc(C)c(-c2ccc3cc(CCN4CCCC4C)ccc3n2)cc1C(N)=O
CHEMBL1822866	4.78	0	COC(=O)c1cc(-c2ccc3cc(CCN4CCCC4C)ccc3n2)on1
CHEMBL1823042	5.0	0	O=C(C1CC(Oc2cccc(F)c2)CN1)N1CCCN(C2CCC2)CC1
CHEMBL1823044	5.0	0	O=C(C1CC(Oc2ccc(F)cc2)CN1)N1CCCN(C2CCC2)CC1
CHEMBL1823046	5.0	0	N#Cc1ccc(OC2CNC(C(=O)N3CCCN(C4CCC4)CC3)C2)cc1
CHEMBL1823049	5.0	0	COC(=O)N1CC(Oc2cccc(F)c2)CC1C(=O)N1CCCN(C2CCC2)CC1
CHEMBL1823050	5.0	0	COC(=O)N1CC(Oc2ccc(F)cc2)CC1C(=O)N1CCCN(C2CCC2)CC1
CHEMBL1829603	4.46	0	O=C(CNC(=O)c1cccc(C(F)(F)F)c1)NC1CN(C2CCC(O)(c3cccnc3)CC2)C1
CHEMBL1829615	4.64	0	O=C(CNC(=O)c1cccc(C(F)(F)F)c1)NC1CN(C2CCC(c3ccc(C(=O)O)cc3)CC2)C1
CHEMBL1829622	4.92	0	O=C(CNC(=O)c1cccc(C(F)(F)F)c1)NC1CN(C2CCC(c3cnccn3)CC2)C1
CHEMBL1829624	5.0	0	O=C(CNC(=O)c1cccc(C(F)(F)F)c1)NC1CN(C2CCC(c3ccc(O)cn3)CC2)C1
CHEMBL1829625	4.64	0	O=C(CNC(=O)c1cccc(C(F)(F)F)c1)NC1CN(C2CCC(c3ccncc3O)CC2)C1
CHEMBL1829626	4.36	0	Nc1cccnc1C1CCC(N2CC(NC(=O)CNC(=O)c3cccc(C(F)(F)F)c3)C2)CC1
CHEMBL1829627	4.43	0	Nc1ccc(C2CCC(N3CC(NC(=O)CNC(=O)c4cccc(C(F)(F)F)c4)C3)CC2)nc1
CHEMBL1829628	5.0	0	O=C(CNC(=O)c1cccc(C(F)(F)F)c1)NC1CN(C2CCC(O)(c3ccccc3)CC2)C1
CHEMBL1829631	4.6	0	CN(C)c1cccc(C2(O)CCC(N3CC(NC(=O)CNC(=O)c4cccc(C(F)(F)F)c4)C3)CC2)c1
CHEMBL1829633	4.87	0	O=C(CNC(=O)c1cccc(C(F)(F)F)c1)NC1CN(C2CCC(O)(c3ccc4c(c3)OCO4)CC2)C1
CHEMBL1829634	4.93	0	O=C(CNC(=O)c1cccc(C(F)(F)F)c1)NC1CN(C2CCC(O)(c3ccc4c(c3)OCC4)CC2)C1
CHEMBL1834636	4.47	0	O=C(CNc1n[nH]c2ccc(C(F)(F)F)cc12)NC1CN(C2CCC(n3ccccc3=O)CC2)C1
CHEMBL1834638	4.62	0	Cn1nc(NCC(=O)NC2CN(C3CCC(C#N)CC3)C2)c2cc(C(F)(F)F)ccc21
CHEMBL1834641	4.6	0	Cn1nc(NCC(=O)NC2CN(C3CCC(C(=O)O)CC3)C2)c2cc(C(F)(F)F)ccc21
CHEMBL1834642	4.5	0	Cn1nc(NCC(=O)NC2CN(C3CCC(C(N)=O)CC3)C2)c2cc(C(F)(F)F)ccc21
CHEMBL1834643	4.5	0	Cn1nc(NCC(=O)NC2CN(C3CCC(CO)CC3)C2)c2cc(C(F)(F)F)ccc21
CHEMBL1834646	4.52	0	O=C(CNc1n[nH]c2ccc(C(F)(F)F)cc12)NC1CN(C2CCC(O)CC2)C1
CHEMBL1834650	4.64	0	CS(=O)(=O)NC1CCC(N2CC(NC(=O)CNc3n[nH]c4ccc(C(F)(F)F)cc34)C2)CC1
CHEMBL1834718	4.92	0	NC(=O)n1nc(NCC(=O)NC2CN(C3CCC(c4ccc5c(c4)OCO5)CC3)C2)c2cc(C(F)(F)F)ccc21
CHEMBL1834781	4.7	0	CCOC(=O)C1CCC(N2CC(NC(=O)CNc3nn(C(N)=O)c4ccc(C(F)(F)F)cc34)C2)CC1
CHEMBL1834782	4.6	0	CCOC(=O)C1CCC(N2CC(NC(=O)CNc3nn(S(C)(=O)=O)c4ccc(C(F)(F)F)cc34)C2)CC1
CHEMBL1834785	5.0	0	Cn1nc(NCC(=O)NC2CN(C3CCC(c4ccccc4)CC3)C2)c2cc(C(F)(F)F)ccc21
CHEMBL1834786	4.92	0	CN(C)c1cccc(C2CCC(N3CC(NC(=O)CNc4nn(C)c5ccc(C(F)(F)F)cc45)C3)CC2)c1
CHEMBL1834787	4.44	0	O=C(CNc1n[nH]c2ccc(C(F)(F)F)cc12)NC1CN(C2CCC(c3cccnc3)CC2)C1
CHEMBL1834788	4.57	0	Cc1ccc(C2CCC(N3CC(NC(=O)CNc4n[nH]c5ccc(C(F)(F)F)cc45)C3)CC2)cn1
CHEMBL1834789	4.62	0	Cn1nc(NCC(=O)NC2CN(C3CCC(c4cccnc4)CC3)C2)c2cc(C(F)(F)F)ccc21
CHEMBL1834790	4.92	0	COc1ccc(C2CCC(N3CC(NC(=O)CNc4nn(C)c5ccc(C(F)(F)F)cc45)C3)CC2)cn1
CHEMBL1834791	4.75	0	Cc1ccc(C2CCC(N3CC(NC(=O)CNc4nn(C)c5ccc(C(F)(F)F)cc45)C3)CC2)cn1
CHEMBL1834793	4.36	0	Cn1nc(NCC(=O)NC2CN(C3CCC(c4cncs4)CC3)C2)c2cc(C(F)(F)F)ccc21
CHEMBL1834794	4.57	0	Cn1nc(NCC(=O)NC2CN(C3CCC(c4nccs4)CC3)C2)c2cc(C(F)(F)F)ccc21
CHEMBL1834795	4.51	0	NC(=O)n1nc(NCC(=O)NC2CN(C3CCC(c4nccs4)CC3)C2)c2cc(C(F)(F)F)ccc21
CHEMBL1834797	4.6	0	Cc1ncc(C2CCC(N3CC(NC(=O)CNc4nn(C)c5ccc(C(F)(F)F)cc45)C3)CC2)s1
CHEMBL1834798	4.64	0	CCc1ncc(C2CCC(N3CC(NC(=O)CNc4nn(C)c5ccc(C(F)(F)F)cc45)C3)CC2)s1
CHEMBL1834799	4.77	0	CC(C)c1ncc(C2CCC(N3CC(NC(=O)CNc4nn(C)c5ccc(C(F)(F)F)cc45)C3)CC2)s1
CHEMBL1835070	4.6	0	Cc1ccc(Nc2nc(NC3CCCCC3N)ncc2C(N)=O)cc1
CHEMBL1835071	4.7	0	Cc1ccc(Nc2nc(NC3CCOCC3N)ncc2C(N)=O)cc1
CHEMBL1916532	4.82	0	COc1ccc2ncc(F)c(CCN3CCC(NCc4cc5c(cn4)OCCO5)CC3)c2n1
CHEMBL1927161	4.6	0	COc1ccc2nccc(C(O)CN3CCC(NCc4cc5c(cn4)OCCO5)CC3)c2n1
CHEMBL1951893	4.89	0	CCN(C(=O)Cc1ccc(S(C)(=O)=O)cc1)C1CCN(CCC(c2ccccc2)N2CCN(c3ccccc3)CC2)CC1
CHEMBL1951896	4.6	0	CCN(C(=O)Cc1ccc(S(C)(=O)=O)cc1)C1CCN(CCC(c2ccccc2)N2CCN(S(C)(=O)=O)CC2)CC1
CHEMBL1951906	4.6	0	CCN(C(=O)Cc1ccc(S(C)(=O)=O)cc1)C1CCN(CCC(c2ccccc2)C2CCN(S(C)(=O)=O)CC2)CC1
CHEMBL1951911	4.5	0	CCN(C(=O)Cc1ccc(S(C)(=O)=O)cc1)C1CCN(CCC(c2cccc(OC)c2)C2CCN(S(C)(=O)=O)CC2)CC1
CHEMBL1951912	4.46	0	CCN(C(=O)Cc1ccc(S(C)(=O)=O)cc1)C1CCN(CCC(c2cccc(F)c2)C2CCN(S(C)(=O)=O)CC2)CC1
CHEMBL1951914	4.62	0	CCN(C(=O)Cc1ccc(S(C)(=O)=O)cc1)C1CCN(CCC(c2cc(F)cc(F)c2)C2CCN(S(C)(=O)=O)CC2)CC1
CHEMBL1952113	5.0	0	FC(F)(F)Oc1cccc(-n2nnc3ccc(NCC4CCNCC4)nc32)c1
CHEMBL1952143	4.5	0	COc1cc(NCC2CCNCC2)nc2c1nnn2-c1cccc(N(C)C)c1
CHEMBL2021969	4.1	0	CCOC(=O)C1CCN(CCCOc2ccc(S(=O)(=O)NC(=O)Nc3ccccc3)cc2)CC1
CHEMBL2021974	4.31	0	O=C(Nc1ccc(C(F)(F)F)cc1)NS(=O)(=O)c1ccc(OCCCCN2CCCC2)cc1
CHEMBL2022498	4.7	0	O=C(Nc1ccc(-c2nnc(NCCCN3CCCOCC3)o2)cc1)c1ccccc1F
CHEMBL2022501	4.2	0	CN1CCN(CCCNc2nnc(-c3ccc(NC(=O)c4ccccc4F)cc3)o2)CC1
CHEMBL2021936	4.9	0	O=C(Nc1ccc(-c2nnc(NCCCN3CCN4CCC3CC4)o2)cc1)c1ccccc1F
CHEMBL2022729	4.2	0	O=C(Nc1ccc(-c2nnc(NCCCCN3CCOCC3)o2)cc1)c1ccccc1F
CHEMBL2022730	4.9	0	O=C(Nc1ccc(-c2nnc(NCCCCN3CCCOCC3)o2)cc1)c1ccccc1F
CHEMBL2022731	4.9	0	O=C(Nc1ccc(-c2nnc(NCCCCN3CCCC3)o2)cc1)c1ccccc1F
CHEMBL2022732	4.7	0	CCN(CC)CCCCNc1nnc(-c2ccc(NC(=O)c3ccccc3F)cc2)o1
CHEMBL2022733	4.9	0	O=C(Nc1ccc(-c2nnc(NCCCCN3CCCCC3)o2)cc1)c1ccccc1F
CHEMBL2022734	4.7	0	O=C(Nc1ccc(-c2nnc(NCCCCN3CCCCC3)o2)cc1)c1ccccc1
CHEMBL2022735	4.6	0	O=C(Nc1ccc(-c2nnc(NCCCCN3CCCCC3)o2)cc1)C1CCCCC1
CHEMBL2022736	4.8	0	COc1cc(NC(=O)c2ccccc2F)ccc1-c1nnc(NCCCCN2CCCCC2)o1
CHEMBL2022739	4.4	0	O=C(Nc1ccc(-c2nnc(NCCCCN3CCOCC3)o2)c(F)c1)c1ccccc1F
CHEMBL2022740	4.8	0	O=C(Nc1ccc(-c2nnc(NCCCCN3CCOCC3)o2)c(F)c1)c1ccccc1
CHEMBL2022741	4.8	0	O=C(Nc1ccc(-c2nnc(NCCCCN3CCC(F)CC3)o2)cc1)c1ccccc1F
CHEMBL2022935	4.9	0	CCN(CC)CCCNc1nnc(-c2ccc(NC(=O)c3ccccc3F)cc2)o1
CHEMBL2022939	4.8	0	O=C(Nc1ccc(-c2nnc(NCCCN3CCCCC3)o2)cc1)c1ccccc1
CHEMBL2022940	4.9	0	O=C(Nc1ccc(-c2nnc(NCCCN3CCCCC3)o2)cc1)c1ccccc1Cl
CHEMBL2021948	5.0	0	O=C(Nc1ccc(-c2nnc(NCCCN3CCCCC3)o2)cc1)c1ccc(F)cc1
CHEMBL2023922	4.6	0	CCc1cc(-c2nnc(NCCCN3CCCCC3)o2)ccc1NC(=O)c1ccccc1F
CHEMBL2023923	4.8	0	Cc1cc(-c2nnc(NCCCN3CCCCC3)o2)ccc1NC(=O)c1ccccc1F
CHEMBL2023926	4.8	0	COc1cc(NC(=O)c2ccccc2F)ccc1-c1nnc(NCCCN2CCOCC2)o1
CHEMBL2023927	4.9	0	CCOc1cc(NC(=O)c2ccccc2F)ccc1-c1nnc(NCCCN2CCCCC2)o1
CHEMBL2023928	5.0	0	O=C(Nc1ccc(-c2nnc(NCCCN3CCCCC3)o2)c(F)c1)c1ccccc1F
CHEMBL2024309	4.62	0	NS(=O)(=O)c1ccc(OCCN2CCCCC2)cc1
CHEMBL2024310	4.64	0	CCOC(=O)C1CCN(CCOc2ccc(S(N)(=O)=O)cc2)CC1
CHEMBL2024378	4.03	0	NS(=O)(=O)c1ccc(OCCCN2CCCCC2)cc1
CHEMBL2024379	4.12	0	CCOC(=O)C1CCN(CCCOc2ccc(S(N)(=O)=O)cc2)CC1
CHEMBL2024382	4.87	0	NS(=O)(=O)c1ccc(OCCCCN2CCCCC2)cc1
CHEMBL2024383	4.73	0	CCOC(=O)C1CCN(CCCCOc2ccc(S(N)(=O)=O)cc2)CC1
CHEMBL2024389	4.58	0	CC(C)NC(=O)NS(=O)(=O)c1ccc(OCCN2CCCCC2)cc1
CHEMBL2024390	4.56	0	O=C(Nc1ccccc1)NS(=O)(=O)c1ccc(OCCN2CCCCC2)cc1
CHEMBL2029417	4.62	0	Cc1ccc(C2(O)CCC(NC3CCN(C(=O)CNC(=O)c4cccc(C(F)(F)F)c4)C3)CC2)nc1
CHEMBL2029418	4.52	0	O=C(NCC(=O)N1CCC(NC2CCC(O)(c3ccc(-c4cccnc4)cn3)CC2)C1)c1cccc(C(F)(F)F)c1
CHEMBL2029419	4.89	0	O=C(NCC(=O)N1CCC(NC2CCC(O)(c3ccc(-c4ccncc4)cn3)CC2)C1)c1cccc(C(F)(F)F)c1
CHEMBL2029567	5.0	0	O=C(C1CCN(c2cccc(C(F)(F)F)n2)CC1)N1CCC(NC2CCC(O)(c3ccc(-c4ncccn4)cn3)CC2)C1
CHEMBL2029568	4.55	0	O=C(C1CCN(c2cc(C(F)(F)F)ccn2)CC1)N1CCC(NC2CCC(O)(c3ccc(-c4ncccn4)cn3)CC2)C1
CHEMBL2029569	4.58	0	O=C(C1CCN(c2nccc(C(F)(F)F)n2)CC1)N1CCC(NC2CCC(O)(c3ccc(-c4ncccn4)cn3)CC2)C1
CHEMBL2092884	4.5	0	COc1ccc(C2(O)CCC(N3CC(NC(=O)CNc4n[nH]c5ccc(C(F)(F)F)cc45)C3)CC2)cn1
CHEMBL2153098	4.49	0	CN(C)c1ccc(C=Cc2c(F)cccc2F)cc1
CHEMBL2158769	4.6	0	N#Cc1ccccc1CC(C(=O)O)N1CCC(CN2CCC(Oc3ccc(Cl)c(Cl)c3)CC2)CC1
CHEMBL2158770	4.9	0	N#Cc1cccc(CC(C(=O)O)N2CCC(CN3CCC(Oc4ccc(Cl)c(Cl)c4)CC3)CC2)c1
CHEMBL2158775	5.0	0	COc1ccccc1CC(C(=O)O)N1CCC(CN2CCC(Oc3ccc(Cl)c(Cl)c3)CC2)CC1
CHEMBL2158776	5.0	0	COc1ccc(CC(C(=O)O)N2CCC(CN3CCC(Oc4ccc(Cl)c(Cl)c4)CC3)CC2)cc1
CHEMBL2158785	4.8	0	Cc1c(OC2CCN(CC3CCN(C(Cc4ccc(F)cc4)C(=O)O)CC3)CC2)ccc(C#N)c1Cl
CHEMBL2158791	4.5	0	Cc1cc(Cl)ccc1OC1CCN(CC2CCN(C(C)(Cc3ccc(F)cc3)C(=O)O)CC2)CC1
CHEMBL2158814	4.6	0	Cc1ccc(S(=O)(=O)NC(=O)N2CCC(N3CCC(Oc4ccc(Cl)c(Cl)c4)CC3)CC2)cc1
CHEMBL2158816	4.6	0	O=C(O)C(c1ccccc1)N1CCCC(CN2CCC(Oc3ccc(Cl)c(Cl)c3)CC2)C1
CHEMBL2158823	4.5	0	O=C(O)c1cccc(N2CCC(CN3CCC(Oc4ccc(Cl)c(Cl)c4)CC3)CC2)c1
CHEMBL2158824	4.5	0	O=C(O)c1ccc(N2CCC(CN3CCC(Oc4ccc(Cl)c(Cl)c4)CC3)CC2)cc1
CHEMBL2158825	4.9	0	O=C(O)Cc1ccccc1N1CCC(CN2CCC(Oc3ccc(Cl)c(Cl)c3)CC2)CC1
CHEMBL2158826	4.5	0	O=C(O)Cc1cccc(N2CCC(CN3CCC(Oc4ccc(Cl)c(Cl)c4)CC3)CC2)c1
CHEMBL2158827	4.5	0	O=C(O)Cc1ccc(N2CCC(CN3CCC(Oc4ccc(Cl)c(Cl)c4)CC3)CC2)cc1
CHEMBL2158828	4.5	0	O=C(O)COc1ccccc1N1CCC(CN2CCC(Oc3ccc(Cl)c(Cl)c3)CC2)CC1
CHEMBL2158829	5.0	0	O=C(O)COc1cccc(N2CCC(CN3CCC(Oc4ccc(Cl)c(Cl)c4)CC3)CC2)c1
CHEMBL2158830	5.0	0	O=C(O)COc1ccc(N2CCC(CN3CCC(Oc4ccc(Cl)c(Cl)c4)CC3)CC2)cc1
CHEMBL2158831	4.9	0	O=C(O)c1ccccc1CN1CCC(CN2CCC(Oc3ccc(Cl)c(Cl)c3)CC2)CC1
CHEMBL2158832	4.7	0	O=C(O)c1cccc(CN2CCC(CN3CCC(Oc4ccc(Cl)c(Cl)c4)CC3)CC2)c1
CHEMBL2158833	4.5	0	O=C(O)c1ccc(CN2CCC(CN3CCC(Oc4ccc(Cl)c(Cl)c4)CC3)CC2)cc1
CHEMBL2158834	4.5	0	O=C(O)c1cccnc1N1CCC(CN2CCC(Oc3ccc(Cl)c(Cl)c3)CC2)CC1
CHEMBL2204242	4.9	0	N#Cc1ccc(C2(O)CCC(N3CC(NC(=O)CNC(=O)c4cccc(C(F)(F)F)c4)C3)CC2)cn1
CHEMBL2204243	4.46	0	Cc1ccc(C2(O)CCC(N3CC(NC(=O)CNC(=O)c4cccc(C(F)(F)F)c4)C3)CC2)cn1
CHEMBL2204244	4.43	0	COc1ccc(C2(O)CCC(N3CC(NC(=O)CNC(=O)c4cccc(C(F)(F)F)c4)C3)CC2)cn1
CHEMBL2204245	4.65	0	CN(C)c1ccc(C2(O)CCC(N3CC(NC(=O)CNC(=O)c4cccc(C(F)(F)F)c4)C3)CC2)cn1
CHEMBL2204246	4.67	0	COc1ncc(C2(O)CCC(N3CC(NC(=O)CNC(=O)c4cccc(C(F)(F)F)c4)C3)CC2)cc1C
CHEMBL2204247	4.76	0	COc1cccc(C2(O)CCC(N3CC(NC(=O)CNC(=O)c4cccc(C(F)(F)F)c4)C3)CC2)n1
CHEMBL2204248	4.6	0	COc1ccc(C2(O)CCC(N3CC(NC(=O)CNC(=O)c4cccc(C(F)(F)F)c4)C3)CC2)nc1
CHEMBL2204249	4.84	0	CCOc1ccc(C2(O)CCC(N3CC(NC(=O)CNC(=O)c4cccc(C(F)(F)F)c4)C3)CC2)cn1
CHEMBL2204251	4.95	0	CC(C)Oc1ccc(C2(O)CCC(N3CC(NC(=O)CNC(=O)c4cccc(C(F)(F)F)c4)C3)CC2)cn1
CHEMBL2204255	4.82	0	Cn1ccnc1C1(O)CCC(N2CC(NC(=O)CNC(=O)c3cccc(C(F)(F)F)c3)C2)CC1
CHEMBL2204258	4.57	0	O=C(CNC(=O)c1cccc(C(F)(F)F)c1)NC1CN(C2CCC(O)(c3cccs3)CC2)C1
CHEMBL2204259	4.5	0	O=C(CNC(=O)c1cccc(C(F)(F)F)c1)NC1CN(C2CCC(O)(c3nccs3)CC2)C1
CHEMBL2204260	4.62	0	O=C(CNC(=O)c1cccc(C(F)(F)F)c1)NC1CN(C2CCC(O)(c3ccns3)CC2)C1
CHEMBL2204261	4.55	0	Cc1cnc(C2(O)CCC(N3CC(NC(=O)CNC(=O)c4cccc(C(F)(F)F)c4)C3)CC2)s1
CHEMBL2204266	4.55	0	CC(C)Oc1ncc(C2(O)CCC(N3CC(NC(=O)CNC(=O)c4cccc(C(F)(F)F)c4)C3)CC2)s1
CHEMBL2204269	4.36	0	O=C(CNC(=O)c1cccc(C(F)(F)F)c1)NC1CN(C2CCC(O)(c3cncnc3)CC2)C1
CHEMBL2204270	5.0	0	O=C(CNC(=O)c1cccc(C(F)(F)F)c1)NC1CN(C2CCC(O)(c3ccc(F)nc3)CC2)C1
CHEMBL2207663	5.0	0	Cc1cc(Cl)ccc1OC1CCN(CC(O)CNC(=O)c2c[nH]c(=O)cc2C(F)(F)F)CC1
CHEMBL2207665	4.9	0	Cn1cc(C(=O)NCC(O)CN2CCC(Oc3ccc(Cl)c(Cl)c3)CC2)c(C(F)(F)F)cc1=O
CHEMBL2315921	4.77	0	O=C(CNc1ncnc2ccc(C(F)(F)F)cc12)NC1CN(C2CCC(O)(c3ccccc3)CC2)C1
CHEMBL2315923	4.55	0	O=C(CNc1ncnc2ccc(C(F)(F)F)cc12)NC1CN(C2CCC(O)(c3ccns3)CC2)C1
CHEMBL2315926	4.43	0	CC(C)c1ncc(C2(O)CCC(N3CC(NC(=O)CNc4ncnc5ccc(C(F)(F)F)cc45)C3)CC2)s1
CHEMBL2315927	4.54	0	COc1ccc(C2(O)CCC(N3CC(NC(=O)CNc4ncnc5ccc(C(F)(F)F)cc45)C3)CC2)cn1
CHEMBL2315928	4.87	0	COc1cccc(C2(O)CCC(N3CC(NC(=O)CNc4ncnc5ccc(C(F)(F)F)cc45)C3)CC2)n1
CHEMBL2315929	4.34	0	Nc1cnccc1C1CCC(N2CC(NC(=O)CNc3ncnc4ccc(C(F)(F)F)cc34)C2)CC1
CHEMBL2315930	4.7	0	COc1cnccc1C1CCC(N2CC(NC(=O)CNc3ncnc4ccc(C(F)(F)F)cc34)C2)CC1
CHEMBL2315931	4.8	0	O=C(CNc1ncnc2ccc(C(F)(F)F)cc12)NC1CN(C2CCC(c3cccnc3)CC2)C1
CHEMBL2315932	4.89	0	O=C(CNc1ncnc2ccc(C(F)(F)F)cc12)NC1CN(C2CCC(c3ccc(O)cn3)CC2)C1
CHEMBL2315937	4.59	0	Cc1nc(NCC(=O)NC2CN(C3CCC(O)(c4cncs4)CC3)C2)c2cc(C(F)(F)F)ccc2n1
CHEMBL2315938	4.49	0	O=C(CNc1nc(C(F)(F)F)nc2ccc(C(F)(F)F)cc12)NC1CN(C2CCC(O)(c3cncs3)CC2)C1
CHEMBL2315939	4.44	0	O=C(CNc1cc(C(F)(F)F)nc2ccc(C(F)(F)F)cc12)NC1CN(C2CCC(O)(c3cncs3)CC2)C1
CHEMBL2315940	4.46	0	N#Cc1cc(NCC(=O)NC2CN(C3CCC(O)(c4cncs4)CC3)C2)c2cc(C(F)(F)F)ccc2n1
CHEMBL2315941	4.95	0	O=C(CNc1ccnc2ccc(C(F)(F)F)cc12)NC1CN(C2CCC(O)(c3cncs3)CC2)C1
CHEMBL2316209	4.48	0	O=C(CNc1nccc2ccc(C(F)(F)F)cc12)NC1CN(C2CCC(O)(c3cncs3)CC2)C1
CHEMBL2324239	4.51	0	C[n+]1c(C#CCOc2ccc(Cl)cc2)cccc1C#CCOc1ccc(Cl)cc1
CHEMBL2325203	4.84	0	Cc1ccc(CCOCC#Cc2cccc(C#CCOCCc3ccc(C)cc3)[n+]2C)cc1
CHEMBL2325217	4.85	0	C[n+]1c(C#CCOc2ccccc2)cccc1C#CCOc1ccccc1
CHEMBL2441408	4.37	0	O=C1OCCc2cc(CCN3CCN(C(=O)Cc4ccc(-n5cnnn5)cc4)CC3)ccc21
CHEMBL2441409	4.57	0	O=C1OCc2cc(CCN3CCN(C(=O)Cc4ccc(-n5cnnn5)c(F)c4)CC3)ccc21
CHEMBL2441418	4.57	0	CCc1c(CCN2CCN(C(=O)Cc3ccc(-n4cnnn4)cc3)CC2)ccc2c1COC2=O
CHEMBL2441419	4.92	0	O=C1OCc2c1ccc(CCN1CCN(C(=O)Cc3ccc(-n4cnnn4)cc3)CC1)c2C1CC1
CHEMBL2441420	4.51	0	O=C1OCc2c1ccc(CCN1CCN(C(=O)Cc3ccc(-n4cnnn4)cc3)CC1)c2F
CHEMBL2441421	4.77	0	O=C1OCc2c1ccc(CCN1CCN(C(=O)Cc3ccc(-n4cnnn4)cc3)CC1)c2Cl
CHEMBL2441422	4.4	0	COc1c(CCN2CCN(C(=O)Cc3ccc(-n4cnnn4)cc3)CC2)ccc2c1COC2=O
CHEMBL2441423	4.85	0	Cc1cc2c(cc1CCN1CCN(C(=O)Cc3ccc(-n4cnnn4)cc3)CC1)COC2=O
CHEMBL2441424	4.58	0	O=C1OCc2cc(CCN3CCN(C(=O)Cc4ccc(-n5cnnn5)cc4)CC3)c(F)cc21
CHEMBL2441426	5.0	0	Cc1cc(CCN2CCN(C(=O)Cc3ccc(-n4cnnn4)cc3)CC2)cc2c1C(=O)OC2
CHEMBL2441427	4.89	0	O=C1OCc2cc(CCN3CCN(C(=O)Cc4ccc(-n5cnnn5)cc4)CC3)cc(F)c21
CHEMBL2441438	4.5	0	O=C1OCc2ccc(CCN3CCN(C(=O)Cc4ccc(-n5cnnn5)cc4)CC3)cc21
CHEMBL3093979	5.0	0	CCCCN(CC)CC#CC#Cc1ccc(Cl)cc1
CHEMBL3093981	4.84	0	CCCCN(CC)CC#CCOc1ccc(Cl)cc1
CHEMBL3220877	4.74	0	NCC(=O)N1CCN(c2cnc3cc(C(F)(F)F)cc(NCc4cccc([N+](=O)[O-])c4)c3c2)CC1
CHEMBL3220881	4.06	0	O=C(C=CC1CCCN1)N1CCN(c2cnc3cc(C(F)(F)F)cc(NCc4cccc([N+](=O)[O-])c4)c3c2)CC1
CHEMBL3220882	4.04	0	CN(C)CC=CC(=O)N1CCN(c2cnc3cc(C(F)(F)F)cc(NCc4cccc([N+](=O)[O-])c4)c3c2)CC1
CHEMBL3221113	4.03	0	CC(=O)c1cccc(CNc2cc(C(F)(F)F)cc3ncc(N4CCN(C)CC4)cc23)c1
CHEMBL3221123	4.09	0	CCNC(=O)Nc1cccc(CNc2cc(C(F)(F)F)cc3ncc(N4CCN(C)CC4)cc23)c1
CHEMBL3221126	4.12	0	CN1CCN(c2cnc3cc(C(F)(F)F)cc(NCc4ccc5cccnc5c4)c3c2)CC1
CHEMBL3314417	4.31	0	CNc1ccc(C=Cc2c(F)cccc2F)cc1
CHEMBL3314420	4.3	0	CNc1ccc(C=Cc2c(F)cccc2Cl)cc1
CHEMBL3314423	4.68	0	CN(C)c1ccc(C=Cc2c(F)cccc2F)nc1
CHEMBL3314424	4.68	0	CN(C)c1ccc(C=Cc2c(F)cccc2Cl)nc1
CHEMBL3314426	4.66	0	CN(C)c1ccc(C=Cc2c(F)cccc2F)cn1
CHEMBL3314429	4.22	0	CN(C)c1ccc(C=Cc2c(F)cccc2Cl)cn1
CHEMBL3314430	4.7	0	CNc1ccc(C=Cc2c(F)cccc2Cl)cn1
CHEMBL3314433	4.39	0	CN(C)c1ncc(C=Cc2c(F)cccc2F)cn1
CHEMBL3323086	4.02	0	Cn1cc(C2(c3ccc(C(=O)O)cn3)NC(c3nc(-c4ccc(F)cc4)c[nH]3)Cc3c2[nH]c2ccccc32)cn1
CHEMBL3400820	4.86	0	O=C1COc2ccc(CNC34CCC(CC5(F)Cn6c(=O)ccc7ncc(F)c5c76)(CC3)OC4)nc2N1
CHEMBL3402185	4.27	0	O=C1COc2ccc(CNC34CCC(CC5(O)Cn6c(=O)ccc7ncc(Cl)c5c76)(CC3)OC4)nc2N1
CHEMBL3422759	4.56	0	COc1ccc2ncc(C)c(CCC34CCC(NCc5ccc6c(n5)NC(=O)CO6)(CC3)CO4)c2n1
CHEMBL3425800	4.56	0	O=C1COc2cc(Cl)c(CNC34CCC(CC5(O)Cn6c(=O)ccc7ncc(F)c5c76)(CC3)OC4)nc2N1
CHEMBL3425806	4.93	0	O=C1COc2cnc(CNC34CCC(CC5(O)Cn6c(=O)ccc7ncc(F)c5c76)(CC3)OC4)cc2N1
CHEMBL3582327	4.65	0	CCn1cc(C2(c3nnc(O)o3)NC(c3nc(-c4ccc(F)cn4)c[nH]3)Cc3c2[nH]c2ccccc32)cn1
CHEMBL3582328	4.98	0	CCn1cc(C2(c3nnc(S)o3)NC(c3nc(-c4ccc(F)cn4)c[nH]3)Cc3c2[nH]c2ccccc32)cn1
CHEMBL3582330	4.45	0	Cn1cc(C2(c3nnc(N)o3)NC(c3nc(-c4ccc(F)cn4)c[nH]3)Cc3c2[nH]c2ccccc32)cn1
CHEMBL3582333	4.67	0	Cn1nc(C2(c3cn[nH]c3)NC(c3nc(-c4ccc(F)cn4)c[nH]3)Cc3c2[nH]c2ccccc32)oc1=O
CHEMBL3582334	4.59	0	Cn1cc(C2(c3nn(C)c(=O)o3)NC(c3nc(-c4ccc(F)cn4)c[nH]3)Cc3c2[nH]c2ccccc32)cn1
CHEMBL3580681	4.29	0	CCn1nc(C2(c3cnn(C)c3)NC(c3nc(-c4ccc(F)cn4)c[nH]3)Cc3c2[nH]c2ccccc32)oc1=O
CHEMBL3582335	4.55	0	CC(C)n1nc(C2(c3cnn(C)c3)NC(c3nc(-c4ccc(F)cn4)c[nH]3)Cc3c2[nH]c2ccccc32)oc1=O
CHEMBL3582343	4.52	0	CCn1cc(C2(c3nn(CC(=O)O)c(=O)o3)NC(c3nc(-c4ccc(F)cn4)c[nH]3)Cc3c2[nH]c2ccccc32)cn1
CHEMBL3582344	4.46	0	CCn1cc(C2(c3nn(CC(N)=O)c(=O)o3)NC(c3nc(-c4ccc(F)cn4)c[nH]3)Cc3c2[nH]c2ccccc32)cn1
CHEMBL3596503	4.3	0	COc1cccc2c1nc(N)n1nc(CN3CCN(c4ccccc4F)CC3C)nc21
CHEMBL3596504	4.62	0	COc1cccc2c1nc(N)n1nc(CN3CCN(c4cccc(F)c4)CC3C)nc21
CHEMBL3596505	4.66	0	COc1cccc2c1nc(N)n1nc(CN3CCN(c4ccc(F)cn4)CC3C)nc21
CHEMBL3596506	4.77	0	COc1cccc2c1nc(N)n1nc(CN3CCN(c4ccccc4)CC3C)nc21
CHEMBL3596507	4.59	0	COc1cccc2c1nc(N)n1nc(CN3CCN(c4ccccn4)CC3C)nc21
CHEMBL3596508	4.65	0	COc1cccc2c1nc(N)n1nc(CN3CCN(c4cccnc4)CC3C)nc21
CHEMBL3596511	4.32	0	COc1ccccc1N1CCN(Cc2nc3c4cccc(OC)c4nc(N)n3n2)C(C)C1
CHEMBL3596512	4.68	0	COc1cccc(N2CCN(Cc3nc4c5cccc(OC)c5nc(N)n4n3)C(C)C2)c1
CHEMBL3596513	4.68	0	COc1ccc(N2CCN(Cc3nc4c5cccc(OC)c5nc(N)n4n3)C(C)C2)cc1
CHEMBL3596515	4.33	0	COc1cccc2c1nc(N)n1nc(CN3CCN(c4ncc(C)s4)CC3C)nc21
CHEMBL3596516	4.75	0	COc1cccc2c1nc(N)n1nc(CN3CCN(c4cnc(C)s4)CC3C)nc21
CHEMBL3596518	4.61	0	COc1cccc2c1nc(N)n1nc(CN3CCN(c4nsnc4Cl)CC3C)nc21
CHEMBL3596589	4.41	0	CCn1cc(N2CCN(Cc3nc4c5cccc(OC)c5nc(N)n4n3)C(C)C2)cn1
CHEMBL3604999	4.36	0	O=C(O)CCCCOc1ccc2ncc(F)c(CCC34CCC(NCc5ccc6c(n5)NC(=O)CO6)(CC3)CO4)c2n1
CHEMBL3605000	4.59	0	CCOC(=O)C(F)(F)CCOc1ccc2ncc(F)c(CCC34CCC(NCc5ccc6c(n5)NC(=O)CO6)(CC3)CO4)c2n1
CHEMBL3605005	4.36	0	O=C1COc2ccc(CNC34CCC(CCc5c(F)cnc6ccc(OCC7CC7C(=O)O)nc56)(CC3)OC4)nc2N1
CHEMBL3605013	4.53	0	O=C1COc2ccc(CNC34CCC(C(O)Cc5c(F)cnc6ccc(OCCO)nc56)(CC3)OC4)nc2N1
CHEMBL3605022	4.54	0	NC1C(=O)NC1COc1ccc2ncc(F)c(CCC34CCC(NCc5ccc6c(n5)NC(=O)CO6)(CC3)CO4)c2n1
CHEMBL3605023	4.4	0	NC1C(=O)NCC1Oc1ccc2ncc(F)c(CCC34CCC(NCc5ccc6c(n5)NC(=O)CO6)(CC3)CO4)c2n1
CHEMBL3605120	4.6	0	O=C1COc2ccc(CNC34CCC(CCc5c(F)cnc6ccc(OCCO)nc56)(CC3)OC4)nc2N1
CHEMBL3605128	4.98	0	O=C1COc2ccc(CNC34CCC(CCc5c(F)cnc6ccc(OCC(CO)CO)nc56)(CC3)OC4)nc2N1
CHEMBL3605131	4.91	0	O=C1COc2ccc(CNC34CCC(CCc5c(F)cnc6ccc(OCC7(O)COC7)nc56)(CC3)OC4)nc2N1
CHEMBL3605133	4.76	0	NCCOc1ccc2ncc(F)c(CCC34CCC(NCc5ccc6c(n5)NC(=O)CO6)(CC3)CO4)c2n1
CHEMBL3605148	4.76	0	COCCOc1ccc2ncc(F)c(CCC34CCC(NCc5ccc6c(n5)NC(=O)CO6)(CC3)CO4)c2n1
CHEMBL3609622	4.75	0	COc1cc(-c2cn(C3CCc4ccccc4NC3=O)nn2)ccc1-n1cnc(C)c1
CHEMBL3609632	4.74	0	COc1cc(-c2cn(C3CCc4ccccc4N(CC4(C)COC4)C3=O)nn2)ccc1-n1cnc(C)c1
CHEMBL3612814	4.77	0	Cc1nc(C(O)CN2CCN(CC(O)c3ccc4c(c3C)COC4=O)CC2)ccc1C#N
CHEMBL3647849	4.58	0	N#CC1CC(O)CCC1n1cc(C(N)=O)c(Nc2ccc(Cl)cc2)n1
CHEMBL3692706	4.54	0	Cc1c(CCN2CCN(C(=O)Cc3ccc(-n4cnnn4)nc3)CC2)ccc2c1COC2=O
CHEMBL3703025	4.5	0	N#CC1CC(N2CCC2)CCC1n1cc(C(N)=O)c(Nc2ccc(C(O)C(F)(F)F)cc2)n1
CHEMBL3703085	4.91	0	CN(C)C1CCC(n2cc(C(N)=O)c(Nc3ccc(Cl)cc3)n2)C(C#N)C1
CHEMBL3753230	4.74	0	COc1ccc2ncc(F)c(CC(NOC(C)=O)C34CCC(NCc5ccc6c(n5)NC(=O)CO6)(CC3)CO4)c2n1
CHEMBL3753978	4.96	0	COc1ccc2ncc(F)c(C(CO)CC34CCC(NCc5ccc6c(n5)NC(=O)CO6)(CC3)CO4)c2n1
CHEMBL3794101	4.58	0	O=C1OCc2nc(CCN3CCN(C(=O)Cc4ccc(-n5cnnn5)cc4)CC3)ccc21
CHEMBL3793471	4.34	0	O=C1OCc2cc(CCN3CCN(C(=O)Cc4ccc(-n5cnnn5)cn4)CC3)ccc21
CHEMBL3792966	4.48	0	Cc1c(CCN2CCN(C(=O)Cc3ccc(-n4cnnn4)cn3)CC2)ccc2c1COC2=O
CHEMBL3793143	4.92	0	Cc1c(CCN2CCN(C(=O)Cc3cnc(-n4cnnn4)cn3)CC2)ccc2c1COC2=O
CHEMBL3793380	4.28	0	Cc1cc(-n2cnnn2)cnc1CC(=O)N1CCN(CCc2ccc3c(c2C)COC3=O)CC1
CHEMBL3793717	4.38	0	Cc1cc(-n2cnnn2)ncc1C(C)C(=O)N1CCN(CCc2ccc3c(c2C)COC3=O)CC1
CHEMBL3793411	4.68	0	Cc1c(CCN2CCN(C(=O)Cc3cncc(-n4cnnn4)c3)CC2)ccc2c1COC2=O
CHEMBL3794292	4.31	0	Cc1c(C(C)CN2CCN(C(=O)Cc3ccc(-n4cnnn4)nc3)CC2)ccc2c1COC2=O
CHEMBL3794233	4.48	0	Cc1c(C(O)CN2CCN(C(=O)Cc3ccc(-n4cnnn4)nc3)CC2)ccc2c1COC2=O
CHEMBL3792410	4.72	0	COc1c(C(O)CN2CCN(C(=O)Cc3ccc(-n4cnnn4)nc3)CC2)ccc2c1COC2=O
CHEMBL3808653	4.58	0	CC(C)(C)c1cc(NC(=O)n2ccc3nc(Oc4ncnc5c4CNC5)ccc32)no1
CHEMBL3808957	4.68	0	CC(C)(C)c1cc(NC(=O)n2ccc3ccc(Oc4ncnc5c4CNC5)cc32)no1
CHEMBL3898579	4.66	0	Cc1c(C2CN3CCN(C(=O)Cc4ccc(-n5cnnn5)nc4)CC3CN2)ccc2c1COC2=O
CHEMBL3904539	4.94	0	NC1CN(c2ccncc2Nc2ncc3ccc(-c4ncccc4F)nn23)CC(N)C1O
CHEMBL3907368	4.5	0	O=C(O)CCc1cnc2c(N3CCN(CCc4ccc(OCCCN5CCCCCC5)cc4)CC3)cccc2c1
CHEMBL3925332	4.4	0	O=C(O)c1cc(N2CCN(CCc3ccc(OCCCN4CCCCCC4)cc3)CC2)c2ncccc2c1
CHEMBL3925977	4.5	0	O=C(O)c1ccc2cccnc2c1N1CCN(CCc2ccc(OCCCN3CCCCCC3)cc2)CC1
CHEMBL3926412	4.3	0	CCc1cc(N2CCN(CCc3ccc(OCCCN4CCCCCC4)cc3)CC2)c2nc(CCC(=O)O)ccc2c1
CHEMBL3927856	4.28	0	FC(F)Oc1cc(-c2cnn(Cc3cn[nH]c3)c2)ccc1Cl
CHEMBL3935303	4.8	0	O=C(O)CCc1ccc2cccc(N3CCN(CCc4ccc(OCCCN5CCCCCC5)cc4)CC3)c2n1
CHEMBL3936854	4.28	0	Cn1cc(Cn2cc(-c3ccc(Cl)c(OC(F)F)c3)cn2)cn1
CHEMBL3950251	4.98	0	NC1CN(c2ccncc2Nc2ncc3ccc(-c4c(F)cccc4F)nn23)CC(N)C1O
CHEMBL3965757	4.71	0	CC1CCC(N)CN1c1ccncc1Nc1ncc2ccc(-c3c(F)cccc3F)nn12
CHEMBL3967709	4.7	0	O=C(O)c1cnc2c(N3CCN(CCc4ccc(OCCCN5CCCCCC5)cc4)CC3)cccc2c1
CHEMBL3983077	4.46	0	CCc1[nH]ncc1Cn1cc(-c2ccc(Cl)c(OC(F)F)c2)cn1
CHEMBL4059723	4.85	0	CC1(C(=O)N2CCOC(c3nc(-c4ccc(C(=O)Nc5cc(C(F)(F)F)ccn5)cc4F)c4c(N)nccn34)C2)CCC1
CHEMBL4059965	4.44	0	Cc1c(C(O)CN2CCC3(CC2)CC(=O)N(c2ccc(=O)n(C)n2)C3)ccc2c1COC2=O
CHEMBL4061128	4.4	0	N#Cc1ccc(Nc2nn(C3COCCC3C#N)cc2C(N)=O)cc1
CHEMBL4061345	4.92	0	Cc1c(C(O)CN2CCC3(CC2)CN(c2ccns2)C(=O)O3)ccc2c1COC2=O
CHEMBL4062498	4.62	0	COCC(=O)N1CCOC(c2nc(-c3ccc(C(=O)Nc4cc(C(F)(F)F)ccn4)cc3F)c3c(N)nccn23)C1
CHEMBL4065907	4.72	0	CC(=O)N1CCOC(c2nc(-c3ccc(C(=O)Nc4cc(C(F)(F)F)ccn4)cc3F)c3c(N)nccn23)C1
CHEMBL4066256	4.76	0	Cc1c(C(O)CN2CCC3(CC2)CC(=O)N(c2ccc(S(C)(=O)=O)cn2)C3)ccc2c1COC2=O
CHEMBL4067665	4.99	0	Nc1cccc(C(Cc2cccnc2-c2cc(Cl)cc(Cl)c2)c2cccnc2)n1
CHEMBL4068841	4.99	0	N#Cc1cccc(-c2cc(F)ccc2CC(c2cccnc2)c2cccnc2)c1
CHEMBL4069245	4.67	0	Cc1c(C(O)CN2CCC3(CC2)CCN(c2ccc(=O)n(C)n2)C3=O)ccc2c1COC2=O
CHEMBL4069786	4.83	0	O=C(O)C1CCC2(CCN(c3ccc(-c4nc5cc(C(F)(F)F)ccc5[nH]4)cn3)CC2)OC1
CHEMBL4070003	4.91	0	Cc1c(C(O)CN2CCC3(CC2)CCN(c2ncns2)C3=O)ccc2c1COC2=O
CHEMBL4070542	4.72	0	Cc1c(C(O)CN2CCC3(CC2)CCN(c2ccc(=O)n(C(F)F)n2)C3=O)ccc2c1COC2=O
CHEMBL4071084	4.76	0	Cc1nc(-n2cnnn2)ccc1C(O)CN1CCC2(CC1)CCN(c1ccc(=O)n(C)n1)C2=O
CHEMBL4071141	4.87	0	Cc1c(C(O)CN2CCC3(CC2)CCN(c2ccc(=O)n(C4CCCC4)n2)C3=O)ccc2c1COC2=O
CHEMBL4071603	4.75	0	Cc1nccc(N2CCC3(CCN(CC(O)c4ccc5c(c4C)COC5=O)CC3)C2=O)n1
CHEMBL4072014	4.66	0	Cc1c(C(O)CN2CCC3(CC2)CCN(c2ccncn2)C3=O)ccc2c1COC2=O
CHEMBL4075394	4.9	0	FC(F)(F)Oc1cccc(-c2ncccc2CC(c2cccnc2)c2cccnc2)c1
CHEMBL4075427	4.92	0	Cc1c(C(O)CN2CCC3(CC2)CCN(c2cnn(C)c(=O)c2)C3=O)ccc2c1COC2=O
CHEMBL4075605	4.84	0	CC1(C(=O)N2CCOC(c3nc(-c4ccc(C(=O)Nc5cc(C(F)(F)F)ccn5)cc4)c4c(N)nccn34)C2)COC1
CHEMBL4075954	4.82	0	CC(C)C(=O)N1CCOC(c2nc(-c3ccc(C(=O)Nc4cc(C(F)(F)F)ccn4)cc3F)c3c(N)nccn23)C1
CHEMBL4076697	4.35	0	Cc1c(C(O)CN2CCC3(CC2)CCN(c2ccc(=O)n(C)n2)CC3)ccc2c1COC2=O
CHEMBL4077886	4.46	0	N#CC1CCOCC1n1cc(C(N)=O)c(Nc2ccc(C3CC3)cc2)n1
CHEMBL4079636	4.92	0	c1cncc(C(Cc2ccccc2-c2cncc3ccccc23)c2cccnc2)c1
CHEMBL4080659	4.82	0	NC(CF)(CF)c1nc(-c2ccc(OC(F)(F)F)cc2)c[nH]1
CHEMBL4084347	5.0	0	OC(Cc1cccnc1-c1cccc(C(F)(F)F)c1)(c1cccnc1F)c1cccnc1F
CHEMBL4085107	4.85	0	CCOC(=O)C1C(OC(c2ccc(F)cc2)c2ccc(F)cc2)CC2CCC1N2CCc1c[nH]c2ccccc12
CHEMBL4086237	4.79	0	Cc1c(C(O)CN2CCC3(CC2)CC(=O)N(c2cnc(S(C)(=O)=O)cn2)C3)ccc2c1COC2=O
CHEMBL4086697	4.57	0	Cc1c(C(O)CN2CCC3(CC2)CCN(c2ccnnc2)C3=O)ccc2c1COC2=O
CHEMBL4087512	4.66	0	c1cncc(C(Cc2ccccc2-c2ccncc2)c2cccnc2)c1
CHEMBL4087753	4.98	0	Cc1c(C(O)CN2CCC3(CC2)CN(c2ccc(C#N)cn2)C3)ccc2c1COC2=O
CHEMBL4089234	4.4	0	N#CC1CCOCC1n1cc(C(N)=O)c(Nc2ccc(Cl)cc2)n1
CHEMBL4092262	4.98	0	Cc1c(C(O)CN2CCC3(CC2)CCN(c2ccncc2)C3=O)ccc2c1COC2=O
CHEMBL4094185	4.58	0	CN(C)C(=O)c1cccc(-c2ccc(F)cc2CC(c2cccnc2)c2cccnc2)c1
CHEMBL4094682	4.34	0	CN(C1CCC(n2cc(C(N)=O)c(Nc3ccc(Cl)cc3)n2)C(C#N)C1)C1(C)COC1
CHEMBL4094901	4.54	0	Cc1c(C(O)CN2CCC3(CC2)CCN(c2ccc(C(C)(C)O)nc2)C3)ccc2c1COC2=O
CHEMBL4095422	4.84	0	Cc1nsc(N2CCC3(CCN(CC(O)c4ccc5c(c4C)COC5=O)CC3)C2=O)n1
CHEMBL4096097	4.35	0	Cc1cnc(COc2nc(N)nc3ccn(Cc4ccccn4)c23)s1
CHEMBL4096468	4.85	0	NC1(Cc2nc(-c3ccc(OC(F)(F)F)cc3)c[nH]2)COC1
CHEMBL4096821	4.88	0	N#CC1CCOCC1n1cc(C(N)=O)c(Nc2ccc(-n3ccnn3)cc2)n1
CHEMBL4097415	4.34	0	Cc1c(C(O)CN2CCC3(CC2)CN(c2ccc(=O)n(C)n2)C(=O)CO3)ccc2c1COC2=O
CHEMBL4102137	4.68	0	Cc1cc(=O)n(C)nc1N1CCC2(CCN(CC(O)c3ccc4c(c3C)COC4=O)CC2)C1=O
CHEMBL4102140	4.6	0	N#CC1CCOCC1n1cc(C(N)=O)c(Nc2ccc(OC(F)F)cc2)n1
CHEMBL4104623	4.4	0	N#CC1CCOCC1n1cc(C(N)=O)c(Nc2ccc(F)cc2)n1
CHEMBL4104889	4.85	0	CC(N)(CF)c1nc(-c2ccc(OC(F)(F)F)cc2)c[nH]1
CHEMBL220407	3.8	0	CC(C)N1CCN(C(=O)N2CCC(NC(=O)C3CCCC3)CC2)CC1
CHEMBL218834	3.93	0	CC(C)N1CCN(C(=O)N2CCC(C(=O)N3CC4CCC(CC4)C3)CC2)CC1
CHEMBL218410	3.99	0	CC(C)N1CCN(C(=O)N2CCC(C(=O)OC(C)(C)C)CC2)CC1
CHEMBL219803	3.93	0	CC(C)N1CCN(C(=O)N2CCc3ccccc3C2)CC1
CHEMBL218992	3.93	0	COc1cc2c(cc1OC)CN(C(=O)N1CCN(C(C)C)CC1)CC2
CHEMBL574393	3.49	0	Oc1ccc(-c2cnc3nc(N4CCC(N5CCCCC5)CC4)sc3c2)cn1
CHEMBL578834	3.72	0	Oc1ccc(-c2cc3sc(N4CCC(N5CCCCC5)CC4)nc3cn2)cn1
CHEMBL575685	3.72	0	Nc1ccc(-c2cc3sc(N4CCC(N5CCCCC5)CC4)nc3cn2)cn1
CHEMBL575453	3.87	0	Nc1cnc(-c2cc3sc(N4CCC(N5CCCCC5)CC4)nc3cn2)cn1
CHEMBL1086033	3.66	0	Cc1ccc2cc(CCN3CCCC3C)ccc2n1
CHEMBL1782574	2.4	0	COC1COCCC1NC1CCC(C(=O)N2CCN(c3nc(C(F)(F)F)cs3)CC2)(C(C)C)C1
CHEMBL3954438	3.86	0	Fc1ccc(-c2cnn(Cc3cc[nH]n3)c2)cc1OC(F)F
CHEMBL41	4.91	0	CNCCC(Oc1ccc(C(F)(F)F)cc1)c1ccccc1
CHEMBL214335	4.39	0	COc1ccccc1CC(c1ccccc1)N1CCNCC1
CHEMBL214021	4.82	0	O=C(NC1CCN(Cc2ccc3c(c2)OCO3)CC1)c1cc(=O)c2ccc(F)cc2o1
CHEMBL216680	4.32	0	CC(=O)Nc1ccc(CN2CCC(NC(=O)c3cc(=O)c4ccc(F)cc4o3)CC2)cc1
CHEMBL214731	4.82	0	O=C(NC1CCN(Cc2ccc3c(c2)OCO3)CC1)c1cc(=O)c2cc(F)ccc2o1
CHEMBL214585	4.95	0	O=C(NC1CCN(C2CCc3cc4c(cc32)OCO4)CC1)c1cc(=O)c2cc(F)ccc2o1
CHEMBL215661	4.46	0	CC(=O)Nc1ccc2c(c1)C(N1CCC(NC(=O)c3cc(=O)c4ccc(F)cc4o3)CC1)CC2
CHEMBL240185	4.3	0	O=C(c1ccc(F)cc1)N1CCN(c2ccc(OCCCN3CCCCC3)cc2)C(=O)C1
CHEMBL240394	4.4	0	O=C(c1cc(F)cc(F)c1)N1CCN(c2ccc(OCCCN3CCCCC3)cc2)C(=O)C1
CHEMBL239300	4.6	0	CC1CCCN1CCCOc1ccc(N2CCN(C(=O)c3ccc(F)cc3)CC2=O)cc1
CHEMBL392713	4.9	0	CC1CCCN1CCCOc1ccc(N2CCN(C(=O)c3cc(F)cc(F)c3)CC2=O)cc1
CHEMBL239724	4.5	0	CC1CCCN1CCCOc1ccc(N2CCN(C(=O)c3ccc(F)cc3F)CC2=O)cc1
CHEMBL246819	4.68	0	O=C1CCc2cc(C(O)CN3CCC(O)(c4cccc(F)c4)CC3)ccc2N1
CHEMBL481932	4.43	0	CN1CCC(N(C)C(=O)N2CC(c3cc(F)ccc3F)=CC2(CO)c2ccccc2)C(F)C1
CHEMBL466308	4.7	0	CCN1CCN(c2cc3[nH]c(C(=O)C4(C)CCC(C)(O)CC4)nc3cc2Cl)CC1
CHEMBL563860	4.9	0	O=C1N(CCN2CC3CCC2C3)CCN1c1cccc(Cl)c1
CHEMBL549438	4.3	0	Cc1cc(CN(C)CCN2CCN(c3cccc(Cl)c3)C2=O)on1
CHEMBL562870	4.85	0	COc1cccc2c1OC(c1ccc(OC3CCN(C4CCC4)CC3)cc1)C(C)S2(=O)=O
CHEMBL1081869	4.4	0	Cc1ccc(C23CC2CN(CCCSc2nnc(-c4ocnc4C)n2C)C3)c(F)c1
CHEMBL1082111	5.0	0	Cc1ncoc1-c1nnc(SCCCN2CC3CC3(c3cc(C(F)(F)F)ccc3F)C2)n1C
CHEMBL1083708	4.82	0	FC(F)Oc1ccccc1CC(c1ccccc1)N1CCNCC1
CHEMBL1927165	4.1	0	COc1ccc2ncc(F)c(C(O)CN3CCC(NCc4cc5c(cn4)OCCO5)CC3)c2n1
CHEMBL1927170	4.53	0	COc1ccc2ncc(F)c(CCN3CCC(NCc4cc5c(cn4)OCCO5)C(O)C3)c2n1
CHEMBL2022497	4.5	0	O=C(Nc1ccc(-c2nnc(NCCCN3CCOCC3)o2)cc1)c1ccccc1F
CHEMBL2023918	4.6	0	O=C(Nc1ccc(-c2nnc(NCCCN3CCCCC3)o2)cc1)C1CCCC1
CHEMBL2158820	4.6	0	O=C(O)C(c1ccccc1)N1CCC(CN2CCC(Oc3ccc(Cl)c(Cl)c3)CC2)CC1
CHEMBL2158835	4.8	0	O=C(O)C(Cc1ccccc1)N1CCC(CN2CCC(Oc3ccc(Cl)c(Cl)c3)CC2)CC1
CHEMBL2441417	4.7	0	Cc1c(CCN2CCN(C(=O)Cc3ccc(-n4cnnn4)cc3)CC2)ccc2c1COC2=O
CHEMBL2441437	4.85	0	O=C1OCc2cc(CCN3CCN(C(=O)Cc4ccc(-n5cnnn5)cc4)CC3)ccc21
CHEMBL3305167	4.58	0	COc1ccc2ncc(F)c(CC(O)C34CCC(NCc5ccc6c(n5)NC(=O)CO6)(CC3)CO4)c2n1
CHEMBL3400819	4.64	0	O=C1COc2ccc(CNC34CCC(CC5Cn6c(=O)ccc7ncc(F)c5c76)(CC3)OC4)nc2N1
CHEMBL3400822	4.61	0	COC1(CC23CCC(NCc4ccc5c(n4)NC(=O)CO5)(CC2)CO3)Cn2c(=O)ccc3ncc(F)c1c32
CHEMBL3582337	4.4	0	CCn1cc(C2(c3nn(C)c(=O)o3)NC(c3nc(-c4ccc(F)cn4)c[nH]3)Cc3c2[nH]c2ccccc32)cn1
CHEMBL3605016	4.95	0	NC1COCC1Oc1ccc2ncc(F)c(CCC34CCC(NCc5ccc6c(n5)NC(=O)CO6)(CC3)CO4)c2n1
CHEMBL3605018	4.61	0	NC1COC1COc1ccc2ncc(F)c(CCC34CCC(NCc5ccc6c(n5)NC(=O)CO6)(CC3)CO4)c2n1
CHEMBL3612807	4.55	0	Cc1c(C(O)CN2CCN(CC(O)c3ccc(C#N)cn3)CC2)ccc2c1COC2=O
CHEMBL3612928	4.68	0	[H]C([H])([H])Oc1cc(C(O)CN2CCN(CC(O)c3ccc4c(c3C)COC4=O)CC2)ncc1C#N
CHEMBL3612923	4.8	0	Cc1c(C(O)CN2CCN(CC(O)c3ncc(C#N)cc3Cl)CC2)ccc2c1COC2=O
CHEMBL3612924	4.96	0	Cc1c(C(O)CN2CCN(CC(O)c3cc(C4CC4)c(C#N)cn3)CC2)ccc2c1COC2=O
CHEMBL3612925	4.8	0	COc1cc(C(O)CN2CCN(CC(O)c3ccc4c(c3C)COC4=O)CC2)nc(C)c1C#N
CHEMBL3612926	4.96	0	CCOc1cc(C(O)CN2CCN(CC(O)c3ccc4c(c3C)COC4=O)CC2)ncc1C#N
CHEMBL3612927	5.0	0	Cc1c(C(O)CN2CCN(CC(O)c3cc(C(F)(F)F)c(C#N)cn3)CC2)ccc2c1COC2=O
CHEMBL3752154	4.84	0	COc1ccc2ncc(F)c(CC(N)C34CCC(NCc5ccc6c(n5)NC(=O)CO6)(CC3)CO4)c2n1
CHEMBL3753988	4.22	0	COc1ccc2ncc(F)c(C(O)C(O)C34CCC(NCc5ccc6c(n5)NC(=O)CO6)(CC3)CO4)c2n1
CHEMBL3754125	4.95	0	COc1ccc2ncc(F)c(C3OC(=O)OC3C34CCC(NCc5ccc6c(n5)NC(=O)CO6)(CC3)CO4)c2n1
CHEMBL3922156	4.23	0	Cc1c(C2CN3CCN(C(=O)Cc4ccc(-n5cnnn5)nc4)CC3CO2)ccc2c1COC2=O
CHEMBL4087688	4.71	0	O=C(O)CC1COC2(CCN(c3ccc(-c4nc5cc(C(F)(F)F)ccc5[nH]4)cn3)CC2)C1
CHEMBL4082282	4.76	0	O=C(O)CC1CCC2(CCN(c3ccc(-c4nc5cc(C(F)(F)F)ccc5[nH]4)cn3)CC2)O1
CHEMBL4098260	4.84	0	Cc1c(C(O)CN2CCC3(CC2)CCN(c2ccc(S(C)(=O)=O)cn2)C3)ccc2c1COC2=O
