CHEMBL544370	8.59	1	OC1(c2ccc3c(c2)OCO3)c2ccccc2C2=NCCCN21
CHEMBL336100	7.64	1	OC1(c2ccc(Cl)cc2)c2cccc(F)c2C2=NCCN21
CHEMBL130668	7.06	1	Oc1ccc(C2(O)c3ccccc3C3=NCCCN32)cc1
CHEMBL336940	8.54	1	COc1cccc2c1C1=NCCN1C2(O)c1ccc(Cl)cc1
CHEMBL133043	7.44	1	COc1ccc(C2(O)c3ccccc3C3=NCCCN32)cc1
CHEMBL132955	8.98	1	OC1(c2ccc(Cl)cc2)c2cc(Cl)c(Cl)cc2C2=NCCN21
CHEMBL132082	8.22	1	COc1ccc2c(c1)C(O)(c1ccc(Cl)cc1)N1CCN=C21
CHEMBL132954	7.99	1	COc1cccc2c1C(O)(c1ccc(Cl)cc1)N1CCN=C21
CHEMBL336613	7.64	1	Clc1ccc(C2c3ccccc3C3=NCCN32)cc1
CHEMBL417049	7.52	1	CN(CCOC(c1ccccc1)c1ccccc1)C1CCN(CCCc2ccccc2)CC1
CHEMBL26320	7.14	1	c1ccc(CCCN2CCN(CCOC(c3ccccc3)c3ccccc3)CC2)cc1
CHEMBL67024	6.96	1	Fc1ccc(CCNC2CCN(CCOC(c3ccccc3)c3ccccc3)CC2)cc1
CHEMBL443797	6.47	1	CN(CCCc1ccccc1)C1CCN(CCOC(c2ccccc2)c2ccccc2)CC1
CHEMBL421867	6.8	1	c1ccc(CCCNC2CCN(CCOC(c3ccccc3)c3ccccc3)CC2)cc1
CHEMBL66112	7.0	1	Fc1ccc(CCN2CCCC(CNCCOC(c3ccccc3)c3ccccc3)C2)cc1
CHEMBL63703	7.08	1	c1ccc(CN2CCC(NCCOC(c3ccccc3)c3ccccc3)CC2)cc1
CHEMBL67203	7.75	1	c1ccc(CCCN2CCCC(CNCCOC(c3ccccc3)c3ccccc3)C2)cc1
CHEMBL67078	7.16	1	c1ccc(CCCNCC2CCCN(CCOC(c3ccccc3)c3ccccc3)C2)cc1
CHEMBL417035	7.06	1	Fc1ccc(CCNCC2CCCN(CCOC(c3ccccc3)c3ccccc3)C2)cc1
CHEMBL69380	7.05	1	CN(CCc1ccc(F)cc1)CC1CCCN(CCOC(c2ccccc2)c2ccccc2)C1
CHEMBL121611	7.55	1	Fc1ccc(C(OCCNCCCNCCc2ccccc2)c2ccc(F)cc2)cc1
CHEMBL123252	6.91	1	CN(CCCc1ccccc1)CCCN(C)CCOC(c1ccccc1)c1ccccc1
CHEMBL420900	7.21	1	O=C(Cc1ccccc1)NCCCNCCOC(c1ccc(F)cc1)c1ccc(F)cc1
CHEMBL333667	7.27	1	O=C(Cc1ccccc1)NCCNCCOC(c1ccc(F)cc1)c1ccc(F)cc1
CHEMBL122452	6.49	1	CN(CCCN(C)CCc1ccccc1)CCOC(c1ccccc1)c1ccccc1
CHEMBL2112594	7.29	1	O=C(CCc1ccccc1)NCCNCCOC(c1ccc(F)cc1)c1ccc(F)cc1
CHEMBL121027	7.52	1	CN(CCOC(c1ccccc1)c1ccccc1)CCN(C)CCc1ccc(F)cc1
CHEMBL121460	7.58	1	CN(CCOC(c1ccc(F)cc1)c1ccc(F)cc1)CCN(C)CCOC(c1ccc(F)cc1)c1ccc(F)cc1
CHEMBL123830	7.27	1	O=C(Cc1ccc(F)cc1)NCCNCCOC(c1ccc(F)cc1)c1ccc(F)cc1
CHEMBL2112595	6.29	1	O=C(CCc1ccc(Br)cc1)NC=CNCCOC(c1ccc(F)cc1)c1ccc(F)cc1
CHEMBL334577	8.7	1	OC1(c2ccc(Cl)cc2)c2ccc3ccccc3c2C2=NCCCN21
CHEMBL340281	8.55	1	OC1(c2ccc3ccccc3c2)c2ccc3ccccc3c2C2=NCCN21
CHEMBL133646	7.57	1	OC1(c2ccc(Cl)cc2)c2ccc3ccccc3c2C2=NCCN21
CHEMBL337020	6.82	1	OC1(c2ccc(Cl)cc2)c2ccccc2C2=NC3CCCCC3N21
CHEMBL132676	7.35	1	OC1(c2ccc3ccccc3c2)c2ccccc2C2=NCCN21
CHEMBL130477	8.77	1	OC1(c2ccc(Cl)cc2)c2ccccc2C2=NCCCN21
CHEMBL22183	6.27	1	Cc1ccc(Sc2ccccc2CN(C)C)c(N)c1
CHEMBL190700	6.55	1	CN(C)Cc1ccccc1Sc1ccccc1N
CHEMBL190703	6.02	1	C=Cc1ccc(Sc2ccccc2CN(C)C)c(N)c1
CHEMBL2113055	6.01	1	CNC(=O)c1ccccc1Sc1ccccc1[N+](=O)[O-]
CHEMBL2113054	6.16	1	CNC(=O)c1ccccc1Sc1ccc(C)cc1[N+](=O)[O-]
CHEMBL23034	6.08	1	CN(C)Cc1ccccc1Sc1ccc(I)cc1N
CHEMBL204288	6.84	1	CCCC(C(=O)c1ccc(Cl)c(Cl)c1)N1CCCCC1
CHEMBL205028	6.28	1	CCCCNC(CCC)C(=O)c1ccc(Cl)c(Cl)c1
CHEMBL202348	7.4	1	C=CCC(C(=O)c1ccc(Cl)c(Cl)c1)N1CCCC1
CHEMBL202410	7.04	1	C=CCC(C(=O)c1ccc(C)cc1)N1CCCC1
CHEMBL202409	7.86	1	Cc1ccc(C(=O)C(CC(C)C)N2CCCC2)cc1
CHEMBL201978	7.54	1	CCC(C(=O)c1ccc(Cl)c(Cl)c1)N1CCCC1
CHEMBL369997	6.34	1	CCCC(C(=O)c1ccc(-c2cccs2)cc1)N1CCCC1
CHEMBL201976	6.98	1	CCCC(C(=O)c1ccc(-c2ccco2)cc1)N1CCCC1
CHEMBL202846	7.08	1	CCCC(C(=O)c1ccc(O)c(O)c1)N1CCCC1
CHEMBL203488	7.94	1	CCCC(C(=O)c1ccc(Cl)c(Cl)c1)N1CCCC1
CHEMBL204759	7.7	1	CCCC(C(=O)c1ccc2ccccc2c1)N1CCCC1
CHEMBL204254	7.29	1	CCCC(C(=O)c1cccc(C)c1)N1CCCC1
CHEMBL203403	7.22	1	CCCC(C(=O)c1ccccc1C)N1CCCC1
CHEMBL204538	7.21	1	CC#Cc1ccc(C(=O)C(CCC)N2CCCC2)cc1
CHEMBL379679	7.52	1	CCCC(C(=O)c1ccc(NC(C)=O)cc1)N1CCCC1
CHEMBL201666	6.44	1	CCCC(C(=O)c1ccc(C(=O)OC)cc1)N1CCCC1
CHEMBL381127	6.48	1	CCCC(C(=O)c1ccc(OC)cc1)N1CCCC1
CHEMBL379446	6.58	1	CCCC(C(=O)c1ccc([N+](=O)[O-])cc1)N1CCCC1
CHEMBL203563	6.9	1	CCCC(C(=O)c1ccc(O)cc1)N1CCCC1
CHEMBL203562	7.31	1	CCCC(C(=O)c1ccc(CO)cc1)N1CCCC1
CHEMBL426304	6.96	1	CCCC(C(=O)c1cccc(I)c1)N1CCCC1
CHEMBL202479	7.09	1	CCCC(C(=O)c1ccc(I)cc1)N1CCCC1
CHEMBL202420	7.29	1	CCCC(C(=O)c1ccc(Br)cc1)N1CCCC1
CHEMBL203640	7.09	1	CCCC(C(=O)c1ccc(F)cc1)N1CCCC1
CHEMBL205082	7.47	1	CCCC(C(=O)c1ccccc1)N1CCCC1
CHEMBL205005	8.96	1	Fc1ccc(C(OCCC2CCN(CC3=Cc4ccccc4CC3)CC2)c2ccc(F)cc2)cc1
CHEMBL380890	6.68	1	CC(C)CN(Cc1ccccc1C(F)(F)F)C1CCNCC1
CHEMBL208420	6.8	1	CC(C)(C)CN(Cc1ccccc1C(F)(F)F)C1CCNCC1
CHEMBL425589	6.7	1	CC(C)CN(Cc1cccc(C#N)c1)C1CCNCC1
CHEMBL208232	6.92	1	CC(C)CN(Cc1ccc(C(F)(F)F)cc1F)C1CCNCC1
CHEMBL207860	6.64	1	CC(C)CN(Cc1ccc(Cl)cc1Cl)C1CCNCC1
CHEMBL441358	6.72	1	CC(C)CN(Cc1ccc(F)cc1C(F)(F)F)C1CCNCC1
CHEMBL207807	6.24	1	CC(C)CN(Cc1ccc(F)cc1F)C1CCNCC1
CHEMBL208251	7.08	1	CC(C)CN(Cc1ccccc1Cl)C1CCNCC1
CHEMBL207719	6.7	1	CC(C)CN(Cc1ccc(F)cc1)C1CCNCC1
CHEMBL208444	7.06	1	CC(C)CN(Cc1cccc(F)c1)C1CCNCC1
CHEMBL207886	6.48	1	CC(C)CN(Cc1ccccc1F)C1CCNCC1
CHEMBL381056	7.01	1	Cc1cccc(CN(CC(C)C)C2CCNCC2)c1
CHEMBL208067	6.62	1	Cc1ccccc1CN(CC(C)C)C1CCNCC1
CHEMBL377785	7.39	1	C=C1CN2C3CCC2C1C(c1ccc(C)cc1)C3
CHEMBL215236	8.34	1	COC(=O)C=C1CN2C3CCC2C1C(c1ccc(Cl)cc1)C3
CHEMBL383873	8.53	1	COC(=O)C=C1CN2C3CCC2C1C(c1ccc(Br)cc1)C3
CHEMBL216015	7.88	1	COC(=O)C=C1CN2C3CCC2C1C(c1ccc(C)cc1)C3
CHEMBL380383	8.07	1	C=C1CN2C3CCC2C1C(c1ccc(I)cc1)C3
CHEMBL378536	7.91	1	C=C1CN2C3CCC2C1C(c1ccc(Cl)cc1)C3
CHEMBL212452	7.38	1	C=C1CN2C3CCC2C1C(c1ccc(Br)cc1)C3
CHEMBL219224	6.75	1	CC(c1ccc(Cl)cc1)C1CCCCN1
CHEMBL219334	6.4	1	CCC(CC)C(c1ccc(Cl)cc1)C1CCCCN1
CHEMBL219540	6.43	1	CC(=O)C(c1ccccc1)C1CCCCN1
CHEMBL227179	7.75	1	CN1C2CCC1C(c1ncc(-c3ccccc3)s1)C(c1ccc(Cl)cc1)C2
CHEMBL2113279	6.28	1	COc1ccc(-c2cnc(C3C(c4ccc(C)cc4)CC4CCC3N4C)s2)cc1OC
CHEMBL376113	6.98	1	Cc1ccc(C2CC3CCC(C2c2ncc(-c4ccc(Cl)c(Cl)c4)s2)N3C)cc1
CHEMBL226933	7.28	1	COc1ccc(-c2cnc(C3C(c4ccc(C)cc4)CC4CCC3N4C)s2)cc1
CHEMBL226984	7.85	1	Cc1ccc(C2CC3CCC(C2c2ncc(-c4cccc([N+](=O)[O-])c4)s2)N3C)cc1
CHEMBL229436	6.85	1	Cc1ccc(C2CC3CCC(C2c2ncc(-c4ccc([N+](=O)[O-])cc4)s2)N3C)cc1
CHEMBL436132	7.92	1	Cc1ccc(C2CC3CCC(C2c2ncc(-c4cccc(Br)c4)s2)N3C)cc1
CHEMBL375685	6.89	1	Cc1ccc(C2CC3CCC(C2c2ncc(-c4ccc(Br)cc4)s2)N3C)cc1
CHEMBL229381	6.67	1	Cc1ccc(C2CC3CCC(C2c2ncc(-c4ccc(Cl)cc4)s2)N3C)cc1
CHEMBL229699	7.21	1	Cc1ccc(C2CC3CCC(C2c2ncc(-c4ccc(F)cc4)s2)N3C)cc1
CHEMBL388832	6.63	1	COc1ccc(-c2cnc(C3C(c4ccc(Cl)cc4)CC4CCC3N4C)s2)cc1OC
CHEMBL388612	7.18	1	CN1C2CCC1C(c1ncc(-c3ccc(Cl)c(Cl)c3)s1)C(c1ccc(Cl)cc1)C2
CHEMBL227233	8.07	1	COc1ccc(-c2cnc(C3C(c4ccc(Cl)cc4)CC4CCC3N4C)s2)cc1
CHEMBL388760	8.11	1	CN1C2CCC1C(c1ncc(-c3cccc([N+](=O)[O-])c3)s1)C(c1ccc(Cl)cc1)C2
CHEMBL227232	8.21	1	CN1C2CCC1C(c1ncc(-c3ccc([N+](=O)[O-])cc3)s1)C(c1ccc(Cl)cc1)C2
CHEMBL227231	7.41	1	CN1C2CCC1C(c1ncc(-c3cccc(Br)c3)s1)C(c1ccc(Cl)cc1)C2
CHEMBL388759	7.46	1	CN1C2CCC1C(c1ncc(-c3ccc(Br)cc3)s1)C(c1ccc(Cl)cc1)C2
CHEMBL227180	7.55	1	CN1C2CCC1C(c1ncc(-c3ccc(Cl)cc3)s1)C(c1ccc(Cl)cc1)C2
CHEMBL390743	7.92	1	CN1C2CCC1C(c1ncc(-c3ccc(F)cc3)s1)C(c1ccc(Cl)cc1)C2
CHEMBL391864	8.19	1	COC(=O)C1C2CCC(CC1c1ccc(C)c(F)c1)N2
CHEMBL394158	8.65	1	C#Cc1ccc(C2CC3CCC(N3)C2C(=O)OC)cc1
CHEMBL394157	8.0	1	C=Cc1ccc(C2CC3CCC(N3)C2C(=O)OC)cc1
CHEMBL398370	8.65	1	COC(=O)C1C2CCC(CC1c1ccc(I)cc1)N2
CHEMBL235569	7.94	1	COC(=O)C1C2CCC(CC1c1ccc(C)cc1)N2
CHEMBL243141	6.04	1	CCOC(=O)C1=C(c2ccc(Cl)c(Cl)c2)CCNC1
CHEMBL388257	7.1	1	CCOC(=O)C1=C(c2ccc3ccccc3c2)CCNC1
CHEMBL238867	6.47	1	CN(C)Cc1cc(OCCF)ccc1Sc1ccccc1N
CHEMBL241228	6.18	1	CN(C)Cc1cc(O)ccc1Sc1ccccc1N
CHEMBL241648	6.24	1	COc1ccc(Sc2ccccc2N)c(CN(C)C)c1
CHEMBL241647	6.35	1	CN(C)Cc1cc(OCCCO)ccc1Sc1ccccc1N
CHEMBL396402	6.46	1	CN(C)Cc1cc(OCCO)ccc1Sc1ccccc1N
CHEMBL393625	6.52	1	CN(C)Cc1cc(OCCCF)ccc1Sc1ccccc1N
CHEMBL239079	6.07	1	CN(C)Cc1cc(OCCF)ccc1Sc1ccc(Cl)cc1N
CHEMBL403571	6.4	1	O=C(OCc1cccs1)C1=C(c2ccc(Cl)c(Cl)c2)CCC1
CHEMBL248824	7.22	1	Cc1cccc(OC(=O)C2=C(c3ccc(Cl)c(Cl)c3)CCC2)c1
CHEMBL403570	6.66	1	Cc1ccccc1OC(=O)C1=C(c2ccc(Cl)c(Cl)c2)CCC1
CHEMBL401071	6.77	1	O=C(Oc1ccccc1)C1=C(c2ccc(Cl)c(Cl)c2)CCC1
CHEMBL401070	6.3	1	O=C(OCCF)C1=C(c2ccc(Cl)c(Cl)c2)CCC1
CHEMBL249214	6.52	1	O=C(OCCO)C1=C(c2ccc(Cl)c(Cl)c2)CCC1
CHEMBL399429	7.52	1	O=C(NCc1ccco1)C1=C(c2ccc(Cl)c(Cl)c2)CCC1
CHEMBL428408	6.85	1	O=C(NCc1cccs1)C1=C(c2ccc(Cl)c(Cl)c2)CCC1
CHEMBL399228	6.08	1	CONC(=O)C1=C(c2ccc(Cl)c(Cl)c2)CCC1
CHEMBL398559	7.16	1	O=C(NCCF)C1=C(c2ccc(Cl)c(Cl)c2)CCC1
CHEMBL440584	6.08	1	CNCc1cnc(C)cc1Oc1ccccc1Cl
CHEMBL458639	6.04	1	NCC1CCC(c2ccccc2)O1
CHEMBL504028	6.29	1	NCC1CCC(c2ccc3ccccc3c2)O1
CHEMBL525952	7.45	1	O=C(OCCF)C1C2CCC(CC1c1cccc(C=CBr)c1)N2
CHEMBL462410	6.75	1	O=C(OCCCF)C1C2CCC(CC1c1cccc(C=CI)c1)N2
CHEMBL462585	6.93	1	O=C(OCCCF)C1C2CCC(CC1c1cccc(C=CBr)c1)N2
CHEMBL553937	7.55	1	CCCC(C(=O)c1ccc(N)c(I)c1)N1CCCC1
CHEMBL555491	8.3	1	CCCC(C(=O)c1ccc(N)cc1)N1CCCC1
CHEMBL558086	7.11	1	CCCC(C(=O)c1ccc(N=[N+]=[N-])c(I)c1)N1CCCC1
CHEMBL574427	9.0	1	Fc1ccc(Oc2cc(F)c(F)cc2C2CCNCC2)cc1
CHEMBL574231	8.22	1	Fc1ccc(Oc2cccc(F)c2C2CCNCC2)cc1
CHEMBL584173	7.89	1	Fc1ccc(Oc2ccccc2C2CCNCC2)cc1
CHEMBL574428	7.35	1	Fc1cccc(Oc2ccccc2)c1C1CCNCC1
CHEMBL574126	7.06	1	O=C1C(Cc2ccccc2N2CCNCC2)SCCN1c1ccc(Cl)c(Cl)c1
CHEMBL574004	6.86	1	Fc1cccc(Oc2cccc(F)c2C2CCNCC2)c1
CHEMBL583752	6.78	1	Fc1cccc(Oc2ccccc2C2CCNCC2)c1
CHEMBL583751	6.62	1	Fc1cccc(C2CCNCC2)c1Oc1ccccc1
CHEMBL575077	6.55	1	c1ccc(Oc2ccccc2C2CCNCC2)cc1
CHEMBL575290	6.51	1	Clc1cccc(Oc2ccccc2C2CCNCC2)c1
CHEMBL574348	6.4	1	c1ccc(OCc2ccccc2C2CCNCC2)cc1
CHEMBL573971	6.34	1	Fc1ccc(OCc2ccc(Cl)c(Cl)c2)c(C2CCNCC2)c1
CHEMBL573766	6.34	1	Fc1cccc(OCc2ccccc2C2CCNCC2)c1
CHEMBL575714	6.33	1	Fc1cccc(OCc2ccccc2N2CCNCC2)c1F
CHEMBL574008	6.18	1	Fc1ccc(COc2ccc(F)cc2C2CCNCC2)cc1
CHEMBL574127	6.15	1	c1ccc(OCc2ccccc2N2CCNCC2)cc1
CHEMBL573769	6.0	1	c1ccc(COc2ccccc2C2CCNCC2)cc1
CHEMBL565382	6.15	1	CCCCCC(NC(C)(C)C)C(=O)c1cccc(Cl)c1
CHEMBL565593	6.29	1	CCCCCCC(NC(C)(C)C)C(=O)c1cccc(Cl)c1
CHEMBL568140	6.33	1	CC(NC(C)(C)C)C(=O)c1ccc(Cl)c(Cl)c1
CHEMBL566886	6.34	1	CCC(NC(C)(C)C)C(=O)c1cccc(Cl)c1
CHEMBL576622	6.46	1	CCCCC(NC(C)(C)C)C(=O)c1cccc(Cl)c1
CHEMBL566208	6.56	1	CCC(NC(C)(C)C)C(=O)c1ccc(Cl)c(Cl)c1
CHEMBL565594	6.85	1	CC(C)CC(NC(C)(C)C)C(=O)c1cccc(Cl)c1
CHEMBL569465	7.02	1	CCCC(NC(C)(C)C)C(=O)c1cccc(Cl)c1
CHEMBL566050	7.36	1	CCCC(NC(C)(C)C)C(=O)c1ccc(Cl)c(Cl)c1
CHEMBL566418	6.46	1	CC(NC1CCC1)C(=O)c1cccc(Cl)c1
CHEMBL595677	8.6	1	COC(=O)C1C(c2ccc(-c3ccsc3)cc2)CC2CCC1N2C
CHEMBL608703	8.57	1	COC(=O)C1C(c2ccc(Cl)cc2)CC2CCC1N2C
CHEMBL606809	8.26	1	CN1C2CCC1C(C(=O)OCCCCCn1ccnn1)C(c1ccc(Cl)cc1)C2
CHEMBL611959	7.68	1	CN1C2CCC1C(C(=O)NCc1ccc(NC(=O)C3C(c4ccc(Cl)cc4)CC4CCC3N4C)cc1)C(c1ccc(Cl)cc1)C2
CHEMBL608704	6.16	1	CN1C2CCC1C(C(=O)Nc1ccc(NC(=O)C3C(c4ccc(Cl)cc4)CC4CCC3N4C)cc1)C(c1ccc(Cl)cc1)C2
CHEMBL595539	6.05	1	CN1C2CCC1C(C(=O)NC1CCC(NC(=O)C3C(c4ccc(Cl)cc4)CC4CCC3N4C)CC1)C(c1ccc(Cl)cc1)C2
CHEMBL592697	6.02	1	Cc1ccc(Oc2cc(F)ccc2CN(C)C)c(N)c1
CHEMBL246388	6.3	1	Cc1ccc(Oc2ccc(F)cc2CN(C)C)c(N)c1
CHEMBL589086	6.14	1	Cc1ccc(Oc2cc(OCCF)ccc2CN(C)C)c(N)c1
CHEMBL600854	6.51	1	Clc1cccc(Oc2ncccc2C2CCNCC2)c1Cl
CHEMBL611367	8.2	1	Clc1ccc(C2(CCOC3CCC3)C3CNCC32)cc1Cl
CHEMBL596806	8.3	1	CCC(C)OCCC1(c2ccc(Cl)c(Cl)c2)C2CNCC21
CHEMBL596805	8.2	1	CC(C)OCCC1(c2ccc(Cl)c(Cl)c2)C2CNCC21
CHEMBL609023	7.8	1	CCOCCC1(c2ccc(Cl)c(Cl)c2)C2CNCC21
CHEMBL602323	8.0	1	COCCC1(c2ccc(Cl)c(Cl)c2)C2CNCC21
CHEMBL598228	8.1	1	CCC(C)OCC1(c2ccc(Cl)c(Cl)c2)C2CNCC21
CHEMBL610220	7.6	1	FC(F)(F)COCC1(c2ccc(Cl)c(Cl)c2)C2CNCC21
CHEMBL590472	8.2	1	Clc1ccc(C2(COC3CCC3)C3CNCC32)cc1Cl
CHEMBL598644	8.0	1	Clc1ccc(C2(COCC3CC3)C3CNCC32)cc1Cl
CHEMBL596796	7.5	1	Cc1coc(C2C3CNCC32c2ccc(Cl)c(Cl)c2)n1
CHEMBL596795	6.9	1	Cc1cnc(C2C3CNCC32c2ccc(Cl)c(Cl)c2)o1
CHEMBL597608	7.1	1	CCOCCC1C2CNCC12c1ccc(Cl)c(Cl)c1
CHEMBL598216	7.1	1	OCCC1C2CNCC12c1ccc(Cl)c(Cl)c1
CHEMBL600645	7.6	1	CCCC1C2CNCC12c1ccc(Cl)c(Cl)c1
CHEMBL611990	6.2	1	CN(C)CC1C2CNCC21c1ccc(Cl)c(Cl)c1
CHEMBL599240	7.1	1	Fc1ccc(OCC2C3CNCC32c2ccc(Cl)c(Cl)c2)cc1
CHEMBL605119	7.7	1	Clc1ccc(C23CNCC2C3COC2CCCCC2)cc1Cl
CHEMBL605502	7.4	1	CCOCC1C2CN(C)CC12c1ccc(Cl)c(Cl)c1
CHEMBL2021577	6.7	1	CCOCC1C2CNCC21C
CHEMBL1170233	7.5	1	COCC12CN(C)CCC1(c1ccc(Cl)c(Cl)c1)C2
CHEMBL1173416	7.4	1	COCC12CNC(C)CC1(c1ccc(Cl)c(Cl)c1)C2
CHEMBL1173754	8.4	1	CC(=O)C12CNCCC1(c1ccc(Cl)c(Cl)c1)C2
CHEMBL1173753	6.8	1	CC#CNC(=O)C12CNCCC1(c1ccc(Cl)c(Cl)c1)C2
CHEMBL1173752	6.6	1	NC(=O)C12CNCCC1(c1ccc(Cl)c(Cl)c1)C2
CHEMBL1173751	8.3	1	CCOC(=O)C12CNCCC1(c1ccc(Cl)c(Cl)c1)C2
CHEMBL1173594	7.4	1	FC(F)(F)COCC12CNCCC1(c1ccc(Cl)c(Cl)c1)C2
CHEMBL1173413	6.8	1	COCC12CNCCC1(c1ccc(F)c(Cl)c1)C2
CHEMBL1173412	6.6	1	COCC12CNCCC1(c1ccc(Cl)cc1)C2
CHEMBL1172919	6.9	1	COCC1C2CCNCC21c1ccc(Cl)c(Cl)c1
CHEMBL1214060	8.57	1	COC(=O)C1C(c2ccc(C)cc2)CC2CCC1N2CC=CCF
CHEMBL1641695	6.18	1	COC(=O)C(c1cccc(I)c1)C1CCCCN1Cc1ccc(N=[N+]=[N-])cc1
CHEMBL1641694	6.29	1	COC(=O)C(c1ccc(I)cc1)C1CCCCN1Cc1ccccc1N=[N+]=[N-]
CHEMBL1641692	6.44	1	COC(=O)C(c1ccc(I)cc1)C1CCCCN1Cc1ccc(N=[N+]=[N-])cc1
CHEMBL1253735	7.85	1	COC(=O)C(c1ccc(I)cc1)C1CCCCN1
CHEMBL1645605	6.51	1	Fc1cccc(Oc2cccc(Cl)c2Cl)c1OC1CNC1
CHEMBL296602	9.1	1	CNC1CC(c2ccc(Cl)c(Cl)c2)c2ccccc21
CHEMBL1818443	9.0	1	Cc1cnc(C23CNCCC2(c2ccc(Cl)c(Cl)c2)C3)o1
CHEMBL1818446	8.7	1	Cc1cc(C23CNCCC2(c2ccc(Cl)c(Cl)c2)C3)no1
CHEMBL1818447	9.1	1	Cc1noc(C23CNCCC2(c2ccc(Cl)c(Cl)c2)C3)n1
CHEMBL1818448	8.2	1	Cc1csc(CC23CNCCC2(c2ccc(Cl)c(Cl)c2)C3)n1
CHEMBL1818449	7.2	1	Cc1coc(CC23CNCCC2(c2ccc(Cl)c(Cl)c2)C3)n1
CHEMBL1818450	7.9	1	Cc1ncoc1CC12CNCCC1(c1ccc(Cl)c(Cl)c1)C2
CHEMBL1818453	6.9	1	Cc1cnn(CC23CNCCC2(c2ccc(Cl)c(Cl)c2)C3)c1
CHEMBL1818456	8.8	1	FC(F)(F)c1ccnn1CC12CNCCC1(c1ccc(Cl)c(Cl)c1)C2
CHEMBL1818457	7.6	1	FC(F)(F)c1ccn(CC23CNCCC2(c2ccc(Cl)c(Cl)c2)C3)n1
CHEMBL1818458	7.7	1	N#Cc1ccnn1CC12CNCCC1(c1ccc(Cl)c(Cl)c1)C2
CHEMBL1818459	7.6	1	N#Cc1ccn(CC23CNCCC2(c2ccc(Cl)c(Cl)c2)C3)n1
CHEMBL1818460	8.7	1	Cc1cc(C(F)(F)F)nn1CC12CNCCC1(c1ccc(Cl)c(Cl)c1)C2
CHEMBL1818461	8.9	1	Cc1cc(C(F)(F)F)n(CC23CNCCC2(c2ccc(Cl)c(Cl)c2)C3)n1
CHEMBL1818462	8.2	1	CC(C)(C)c1ccn(CC23CNCCC2(c2ccc(Cl)c(Cl)c2)C3)n1
CHEMBL1818463	7.8	1	Clc1ccc(C23CCNCC2(Cn2cccc2)C3)cc1Cl
CHEMBL1818464	7.9	1	N#Cc1cccn1CC12CNCCC1(c1ccc(Cl)c(Cl)c1)C2
CHEMBL1818465	7.9	1	N#Cc1ccn(CC23CNCCC2(c2ccc(Cl)c(Cl)c2)C3)c1
CHEMBL1818466	7.5	1	Cc1ccn(CC23CNCCC2(c2ccc(Cl)c(Cl)c2)C3)c1
CHEMBL1818467	7.7	1	Cc1ccc(C)n1CC12CNCCC1(c1ccc(Cl)c(Cl)c1)C2
CHEMBL1818468	8.1	1	Cc1cc(C)n(CC23CNCCC2(c2ccc(Cl)c(Cl)c2)C3)c1
CHEMBL1818469	6.7	1	Clc1ccc(C23CCNCC2(Cn2cncn2)C3)cc1Cl
CHEMBL1818544	7.2	1	CC(C)c1nnnn1CC12CNCCC1(c1ccc(Cl)c(Cl)c1)C2
CHEMBL1818545	7.6	1	CC(C)c1nnn(CC23CNCCC2(c2ccc(Cl)c(Cl)c2)C3)n1
CHEMBL1818546	7.7	1	Clc1ccc(C23CCNCC2(Cn2ccc4ccccc42)C3)cc1Cl
CHEMBL1818441	7.8	1	Clc1ccc(C23CCNCC2(Cn2ncc4ccccc42)C3)cc1Cl
CHEMBL1818547	8.4	1	Clc1ccc(C23CCNCC2(Cn2cc4ccccc4n2)C3)cc1Cl
CHEMBL508112	6.71	1	c1ccc2sc(SSc3nc4ccccc4s3)nc2c1
CHEMBL1201203	6.71	1	CN1C2CCC1CC(OC(c1ccccc1)c1ccccc1)C2
CHEMBL296419	6.1	1	COc1ccc(CCN2CCC(Nc3nc4ccccc4n3Cc3ccc(F)cc3)CC2)cc1
CHEMBL305660	7.11	1	CC(C)(C)c1ccc(C(=O)CCCN2CCC(OC(c3ccccc3)c3ccccc3)CC2)cc1
CHEMBL808	6.18	1	Clc1ccc(COC(Cn2ccnc2)c2ccc(Cl)cc2Cl)cc1
CHEMBL30008	6.33	1	Fc1ccc(C(c2ccc(F)cc2)N2CCN(CC=Cc3ccccc3)CC2)cc1
CHEMBL691	6.35	1	C#CC1(O)CCC2C3CCc4cc(O)ccc4C3CCC21C
CHEMBL1201353	6.13	1	CN(C)CCC(c1ccc(Cl)cc1)c1ccccn1
CHEMBL1626	6.27	1	CN1CCCC1CCOC(C)(c1ccccc1)c1ccc(Cl)cc1
CHEMBL707	6.83	1	COc1cc2nc(N3CCN(C(=O)C4COc5ccccc5O4)CC3)nc(N)c2cc1OC
CHEMBL648	6.22	1	CN1CCN(C(c2ccccc2)c2ccccc2)CC1
CHEMBL926	6.91	1	CC(CCc1ccc(O)cc1)NCCc1ccc(O)c(O)c1
CHEMBL411	6.07	1	CCC(=C(CC)c1ccc(O)cc1)c1ccc(O)cc1
CHEMBL954	6.21	1	CCN(CC)CCOc1ccc(C(=C(Cl)c2ccccc2)c2ccccc2)cc1
CHEMBL723	6.17	1	COc1ccccc1OCCNCC(O)COc1cccc2[nH]c3ccccc3c12
CHEMBL490	6.27	1	Fc1ccc(C2CCNCC2COc2ccc3c(c2)OCO3)cc1
CHEMBL1177	6.38	1	NC1=NC(=O)C(c2ccccc2)O1
CHEMBL511	6.16	1	COc1ccc(CN(CCN(C)C)c2ccccn2)cc1
CHEMBL1231	7.17	1	CCN(CC)CC#CCOC(=O)C(O)(c1ccccc1)C1CCCCC1
CHEMBL19215	7.3	1	CN1CC(CNC(=O)OCc2ccccc2)CC2c3cccc4c3c(cn4C)CC21
CHEMBL1670	6.1	1	Clc1ccc(C(c2ccccc2Cl)C(Cl)Cl)cc1
CHEMBL809	7.59	1	CNC1CCC(c2ccc(Cl)c(Cl)c2)c2ccccc21
CHEMBL1419	6.3	1	CC(C)CC(N(C)C)C1(c2ccc(Cl)cc2)CCC1
CHEMBL17157	6.69	1	CC(C)(C)c1ccc(C(O)CCCN2CCC(C(O)(c3ccccc3)c3ccccc3)CC2)cc1
CHEMBL1947087	6.94	1	COC(=O)C1C(c2ccc(C)cc2)CC2CCC1N2CC=C(I)C(F)(F)F
CHEMBL1947088	9.06	1	COC(=O)C1C(c2ccc(C)cc2)CC2CCC1N2CC(I)=CC(F)(F)F
CHEMBL1947089	7.49	1	COC(=O)C1C(c2ccc(C)cc2)CC2CCC1N2C
CHEMBL1947090	6.3	1	CCc1ccc(C2CC3CCC(C2C(=O)OC)N3C)cc1
CHEMBL1947091	6.3	1	CCCc1ccc(C2CC3CCC(C2C(=O)OC)N3C)cc1
CHEMBL1944970	6.3	1	COC(=O)C1C(c2ccc(C(C)C)cc2)CC2CCC1N2C
CHEMBL1944971	6.3	1	CCCCc1ccc(C2CC3CCC(C2C(=O)OC)N3C)cc1
CHEMBL1944972	7.33	1	COC(=O)C1C(c2ccc(C)c(I)c2)CC2CCC1N2C
CHEMBL1944973	6.47	1	CCc1ccc(C2CC3CCC(C2C(=O)OC)N3C)cc1I
CHEMBL1944974	6.3	1	CCCc1ccc(C2CC3CCC(C2C(=O)OC)N3C)cc1I
CHEMBL1944975	6.3	1	COC(=O)C1C(c2ccc(C(C)C)c(I)c2)CC2CCC1N2C
CHEMBL1944976	6.43	1	CCCCc1ccc(C2CC3CCC(C2C(=O)OC)N3C)cc1I
CHEMBL1944977	6.95	1	COC(=O)C1C2CCC(CC1c1ccc(C)c(I)c1)N2
CHEMBL1944978	6.58	1	CCc1ccc(C2CC3CCC(N3)C2C(=O)OC)cc1I
CHEMBL1944979	6.3	1	CCCc1ccc(C2CC3CCC(N3)C2C(=O)OC)cc1I
CHEMBL1944980	6.3	1	COC(=O)C1C2CCC(CC1c1ccc(C(C)C)c(I)c1)N2
CHEMBL1945243	6.43	1	CCCCc1ccc(C2CC3CCC(N3)C2C(=O)OC)cc1I
CHEMBL1945244	6.43	1	COC(=O)C1C(c2ccc(C(C)C)cc2)CC2CCC1N2CC=CI
CHEMBL1945245	6.43	1	CCCc1ccc(C2CC3CCC(C2C(=O)OC)N3CC=CI)cc1
CHEMBL1945246	7.82	1	CC=CCN1C2CCC1C(C(=O)OC)C(c1ccc(I)cc1)C2
CHEMBL1945247	7.52	1	C=C(Br)CN1C2CCC1C(C(=O)OC)C(c1ccc(I)cc1)C2
CHEMBL1945248	7.85	1	C#CCN1C2CCC1C(C(=O)OC)C(c1ccc(I)cc1)C2
CHEMBL1945249	7.38	1	COC(=O)C1C(c2ccc(I)cc2)CC2CCC1N2Cc1ccccc1
CHEMBL1945250	7.03	1	COC(=O)C1C(c2ccc(I)cc2)CC2CCC1N2Cc1ccccc1C
CHEMBL1945251	7.52	1	COC(=O)C1C(c2ccc(I)cc2)CC2CCC1N2CC=CI
CHEMBL1945252	6.94	1	COC(=O)C1C(c2ccccc2)CC2CCC1N2CC=CI
CHEMBL1945253	7.54	1	COC(=O)C1C(c2ccc(Cl)c(Cl)c2)CC2CCC1N2CC=CI
CHEMBL563214	7.92	1	Cc1ccc(C2CC3CCC(C2C(=O)OCCF)N3CC=CI)cc1
CHEMBL1945778	7.55	1	COC(=O)C1C(c2ccc(I)cc2)CC2CCC1N2CCCF
CHEMBL1945780	8.2	1	COC(=O)C1C(c2ccc(Cl)c(Cl)c2)CC2CCC1N2C
CHEMBL1945781	7.74	1	CC(C)OC(=O)C1C(c2ccc(Cl)c(Cl)c2)CC2CCC1N2C
CHEMBL1945782	7.85	1	CN1C2CCC1C(C(=O)OCCc1ccc(N=[N+]=[N-])c(I)c1)C(c1ccc(Cl)cc1)C2
CHEMBL1945783	7.46	1	CN1C2CCC1C(C(=O)OCc1ccccc1)C(c1ccc(Cl)c(Cl)c1)C2
CHEMBL1947092	7.96	1	CN1C2CCC1C(C(=O)OCCc1ccccc1)C(c1ccc(Cl)c(Cl)c1)C2
CHEMBL390742	7.48	1	COC(=O)C1C(c2ccccc2)CC2CCC1N2C
CHEMBL1944830	7.15	1	COC(=O)C1C(c2ccc(F)cc2)CC2CCC1N2CCF
CHEMBL1944640	7.32	1	COC(=O)C1C(c2ccc(F)cc2)CC2CCC1N2CCCF
CHEMBL1945126	7.87	1	COC(=O)C1C(OC(c2ccc(F)cc2)c2ccc(F)cc2)CC2CCC1N2C
CHEMBL1945127	7.51	1	CC(C)OC(=O)C1C(OC(c2ccc(F)cc2)c2ccc(F)cc2)CC2CCC1N2C
CHEMBL1944643	7.31	1	CN1C2CCC1C(C(=O)OCc1ccccc1)C(OC(c1ccc(F)cc1)c1ccc(F)cc1)C2
CHEMBL2062931	8.4	1	COC(=O)C(c1ccc(N=[N+]=[N-])c(I)c1)C1CCCCN1
CHEMBL1254439	7.11	1	COC(=O)C(c1ccc([N+](=O)[O-])cc1)C1CCCCN1
CHEMBL1253709	8.2	1	COC(=O)C(c1ccc(N)cc1)C1CCCCN1
CHEMBL2062932	8.04	1	COC(=O)C(c1ccc(N)c(I)c1)C1CCCCN1
CHEMBL2062933	7.46	1	COC(=O)C(c1ccc(N=[N+]=[N-])cc1)C1CCCCN1
CHEMBL2338055	7.0	1	Clc1cc(Cl)c(OC(c2ccccc2)C2CCNC2)c(-c2ccccn2)c1
CHEMBL2338054	7.0	1	Cc1cc(Cl)cc(-c2ccccn2)c1OC(c1ccccc1)C1CCNC1
CHEMBL2338047	8.1	1	Fc1cc(Cl)cc(Cl)c1OC(c1ccccc1)C1CCNC1
CHEMBL2338044	6.9	1	Fc1ccc(F)c(OC(c2ccccc2)C2CCNC2)c1F
CHEMBL2338039	7.4	1	Cc1cc(Cl)ccc1OC(c1ccccc1)C1CCNC1
CHEMBL2338035	7.0	1	Fc1ccc(OC(c2ccccc2)C2CCNC2)c(Cl)c1
CHEMBL2338034	7.5	1	Fc1cc(Cl)ccc1OC(c1ccccc1)C1CCNC1
CHEMBL2338033	7.0	1	Fc1cc(F)cc(OC(c2ccccc2)C2CCNC2)c1
CHEMBL2338032	7.2	1	Fc1cccc(F)c1OC(c1ccccc1)C1CCNC1
CHEMBL2338031	6.8	1	Fc1ccc(OC(c2ccccc2)C2CCNC2)c(F)c1
CHEMBL2337604	7.4	1	Clc1ccc(OC(c2ccccc2)C2CCNC2)c(Cl)c1
CHEMBL2337598	6.9	1	Fc1ccccc1OC(c1ccccc1)C1CCNC1
CHEMBL1643901	8.92	1	CN(Cc1cccc(F)c1)C1C2C3CC4C5C3CC2C5C41
CHEMBL2432039	6.9	1	C1C2C3CC4C2C(NCC25C6C7C8C6C2C8C75)C2C1C3C42
CHEMBL1643902	7.0	1	CN(CCc1cccc(F)c1)C1C2C3CC4C5C3CC2C5C41
CHEMBL1940403	6.3	1	OC1(c2ccc(Cl)cc2)CCN(CCCSc2ccc(F)cc2)CC1
CHEMBL3321788	6.11	1	OC1(c2ccc(Cl)cc2)CC2CCC(C1)N2CCCCc1ccc(F)cc1
CHEMBL3321789	6.21	1	OC1(c2ccc(Cl)cc2)CC2CCC(C1)N2CCCOc1ccc(F)cc1
CHEMBL3321791	6.54	1	OC1(c2ccc(Cl)cc2)CC2CCC(C1)N2CCCSc1cccc(F)c1
CHEMBL3321792	6.45	1	OC1(c2ccc(Cl)cc2)CC2CCC(C1)N2CCCSc1ccccc1F
CHEMBL11493	7.33	1	CCCCN1C2CCC1CC(OC(c1ccc(F)cc1)c1ccc(F)cc1)C2
CHEMBL3126735	6.14	1	Fc1ccc(C(SCCNCCCc2ccccc2)c2ccc(F)cc2)cc1
CHEMBL3916231	7.0	1	CC(O)CN1CCN(CCSC(c2ccc(F)cc2)c2ccc(F)cc2)CC1
CHEMBL3918282	8.19	1	[O-][S+](CCN1CCN(CC(O)Cc2ccccc2)CC1)C(c1ccc(F)cc1)c1ccc(F)cc1
CHEMBL4062435	8.0	1	CN(C)CCN1C2CCC1CC(OC(c1ccc(F)cc1)c1ccc(F)cc1)C2
CHEMBL4090416	7.8	1	CN(C)CCN1C2CCC1CC(NC(c1ccc(F)cc1)c1ccc(F)cc1)C2
CHEMBL4085107	6.83	1	CCOC(=O)C1C(OC(c2ccc(F)cc2)c2ccc(F)cc2)CC2CCC1N2CCc1c[nH]c2ccccc12
CHEMBL4063478	6.66	1	CCOC(=O)C1C(OC(c2ccc(F)cc2)c2ccc(F)cc2)CC2CCC1N2CC(N)C(C)C
CHEMBL429015	7.09	1	CC(C)C(N)CN1C2CCC1CC(OC(c1ccc(F)cc1)c1ccc(F)cc1)C2
CHEMBL371932	7.62	1	CCCCN1C2CCC1CC(NC(c1ccc(F)cc1)c1ccc(F)cc1)C2
CHEMBL199103	6.6	1	Fc1ccc(C(OC2CC3CCC(C2)N3CCc2c[nH]c3ccccc23)c2ccc(F)cc2)cc1
CHEMBL781	7.13	1	OC1(c2ccc(Cl)cc2)c2ccccc2C2=NCCN21
CHEMBL206128	8.85	1	Fc1ccc(C(OCCC2CCN(CC3CC3c3ccccc3)CC2)c2ccc(F)cc2)cc1
CHEMBL424682	8.66	1	CC(CCN1CCC(CCOC(c2ccc(F)cc2)c2ccc(F)cc2)CC1)c1ccccc1
CHEMBL205025	9.05	1	OC(CCN1CCC(CCOC(c2ccc(F)cc2)c2ccc(F)cc2)CC1)c1ccccc1
CHEMBL383745	8.68	1	OC(CCN1CCC(CCOC(c2ccccc2)c2ccccc2)CC1)c1ccccc1
CHEMBL202644	8.1	1	CC(Cc1ccccc1)CN1CCC(CCOC(c2ccc(F)cc2)c2ccc(F)cc2)CC1
CHEMBL204814	7.92	1	NC(Cc1ccccc1)CN1CCC(CCOC(c2ccc(F)cc2)c2ccc(F)cc2)CC1
CHEMBL202860	8.68	1	OC(CCc1ccccc1)CN1CCC(CCOC(c2ccc(F)cc2)c2ccc(F)cc2)CC1
CHEMBL204530	8.29	1	OC(Cc1ccccc1)CN1CCC(CCOC(c2ccc(F)cc2)c2ccc(F)cc2)CC1
CHEMBL382783	8.16	1	OC(Cc1ccccc1)CN1CCC(CCOC(c2ccccc2)c2ccccc2)CC1
CHEMBL796	6.96	1	COC(=O)C(c1ccccc1)C1CCCCN1
CHEMBL219703	6.06	1	CCCCCC(c1ccc(Cl)cc1)C1CCCCN1
CHEMBL220247	6.77	1	CC(C)CC(c1ccc(Cl)cc1)C1CCCCN1
CHEMBL218849	6.54	1	CCCCC(c1ccc(Cl)cc1)C1CCCCN1
CHEMBL218848	6.05	1	CC(C)C(c1ccc(Cl)cc1)C1CCCCN1
CHEMBL218847	6.42	1	CCCC(c1ccc(Cl)cc1)C1CCCCN1
CHEMBL219335	6.85	1	CC(C)CC(c1cccc(Cl)c1)C1CCCCN1
CHEMBL375118	6.16	1	Clc1ccc(C(C2CCCC2)C2CCCCN2)cc1
CHEMBL219281	6.16	1	Clc1ccc(C(CCc2ccccc2)C2CCCCN2)cc1
CHEMBL373773	6.26	1	Clc1ccc(C(Cc2ccccc2)C2CCCCN2)cc1
CHEMBL219707	6.58	1	Clc1ccc(C(CC2CCCCC2)C2CCCCN2)cc1
CHEMBL219653	6.51	1	Clc1ccc(C(CC2CCCC2)C2CCCCN2)cc1
CHEMBL374769	6.22	1	CC(C)(C)CC(c1ccc(Cl)cc1)C1CCCCN1
CHEMBL373710	6.29	1	CC(C)CCC(c1ccc(Cl)cc1)C1CCCCN1
CHEMBL217975	6.02	1	COc1cccc(C(CC(C)C)C2CCCCN2)c1
CHEMBL218894	6.11	1	COc1ccc(C(CC(C)C)C2CCCCN2)cc1
CHEMBL387117	7.36	1	CC(C)CC(c1ccc(Cl)c(Cl)c1)C1CCCCN1C
CHEMBL218999	7.51	1	CC(C)CC(c1ccc(Cl)c(Cl)c1)C1CCCCN1
CHEMBL374634	7.54	1	CCCCC(c1ccc(Cl)c(Cl)c1)C1CCCCN1
CHEMBL219649	7.37	1	CCCC(c1ccc(Cl)c(Cl)c1)C1CCCCN1
CHEMBL220195	7.05	1	COC(=O)C(c1ccc(Cl)c(Cl)c1)C1CCCCN1
CHEMBL215376	7.45	1	COC(=O)C1C(c2ccc(I)cc2)CC2CCC1N2C
CHEMBL459852	6.63	1	CN1CCN(CC(c2cccc(Cl)c2)C2(O)CCCCC2)CC1
CHEMBL461706	6.47	1	OC1(C(CN2CCNCC2)c2cccc(Cl)c2)CCCCC1
CHEMBL54465	6.37	1	N#Cc1ccc2[nH]cc(C3CCC(N4CCc5ccccc5C4)CC3)c2c1
CHEMBL449277	6.44	1	N#Cc1ccc2[nH]cc(C3CCC(N4CCc5cc(OCCCF)ccc5C4)CC3)c2c1
CHEMBL293583	6.33	1	COc1ccc2c(c1)CCN(C1CCC(c3c[nH]c4ccc(C#N)cc34)CC1)C2
CHEMBL516825	6.56	1	O=C(OCCF)C1C2CCC(CC1c1cccc(C=CI)c1)N2
CHEMBL1944833	7.88	1	O=C(OCCF)C1C2CCC(CC1c1ccc(C=CI)cc1)N2
CHEMBL894	6.06	1	CC(NC(C)(C)C)C(=O)c1cccc(Cl)c1
CHEMBL598346	6.56	1	Fc1ccccc1Oc1cccc(F)c1C1CCNCC1
CHEMBL603480	7.3	1	Cc1csc(CC2C3CNCC32c2ccc(Cl)c(Cl)c2)n1
CHEMBL2021581	6.9	1	COCCC1C2(C)CNCC12c1ccc(Cl)c(Cl)c1
CHEMBL611379	6.4	1	COCC1C2CNCC21c1ccc2ccccc2c1
CHEMBL599241	7.1	1	CSCC1C2CNCC21c1ccc(Cl)c(Cl)c1
CHEMBL596989	7.0	1	Clc1ccc(C23CNCC2C3COC2CCCC2)cc1Cl
CHEMBL596784	6.6	1	Clc1ccc(C23CNCC2C3COC2CCC2)cc1Cl
CHEMBL602235	6.6	1	CC(C)OCC1C2CNCC21c1ccc(Cl)c(Cl)c1
CHEMBL598202	6.2	1	FC(F)(F)COCC1C2CNCC21c1ccc(Cl)c(Cl)c1
CHEMBL608151	7.6	1	CCOCC1C2CNCC21c1ccc(Cl)c(Cl)c1
CHEMBL599845	6.6	1	CCCOCC1C2CNCC21c1ccc(Cl)c(Cl)c1
CHEMBL607871	6.3	1	Clc1ccc(C23CNCC2C3COCC2CC2)cc1Cl
CHEMBL603540	6.18	1	COCC1C2CNCC21c1ccc(Cl)c(Cl)c1
CHEMBL592375	6.32	1	OCC1C2CNCC12c1ccc(Cl)c(Cl)c1
CHEMBL488638	6.7	1	Clc1ccc(C23CNCC2C3)cc1Cl
CHEMBL1173532	7.0	1	COCC12CNCCC1(c1ccc(Cl)c(Cl)c1)C2
CHEMBL1172902	6.6	1	Clc1ccc(C23CCN4CCC2(C4)C3)cc1Cl
CHEMBL1173087	8.8	1	C=CCC(OC)C12CNCCC1(c1ccc(Cl)c(Cl)c1)C2
CHEMBL1173085	6.3	1	COCC12CNCC(OC)C1(c1ccc(Cl)c(Cl)c1)C2
CHEMBL1173520	7.0	1	COCC12CNCC(F)C1(c1ccc(Cl)c(Cl)c1)C2
CHEMBL1173595	7.2	1	Clc1ccc(C23CCNCC2(COCC2CC2)C3)cc1Cl
CHEMBL1173533	7.2	1	CCOCC12CNCCC1(c1ccc(Cl)c(Cl)c1)C2
CHEMBL1172744	7.0	1	COCC12CNCCC1(c1ccc3ccccc3c1)C2
CHEMBL1173530	6.7	1	OCC12CNCCC1(c1ccc(Cl)c(Cl)c1)C2
CHEMBL1237064	7.3	1	Clc1ccc(C23CCNCC2C3)cc1Cl
CHEMBL1172850	6.2	1	COCC12CCNCC1(c1ccc(Cl)c(Cl)c1)C2
CHEMBL1173341	7.0	1	Clc1ccc(C23CNCCC2C3)cc1Cl
CHEMBL1173607	7.9	1	Clc1ccc(C2CCNCC23CCCOC3)cc1Cl
CHEMBL1214005	8.02	1	COC(=O)C1C(c2ccc(F)cc2)CC2CCC1N2CC=CCF
CHEMBL1214006	9.22	1	COC(=O)C1C(c2ccc(Cl)cc2)CC2CCC1N2CC=CCF
CHEMBL1214007	9.4	1	COC(=O)C1C(c2ccc(Br)cc2)CC2CCC1N2CC=CCF
CHEMBL1214059	9.3	1	COC(=O)C1C(c2ccc(I)cc2)CC2CCC1N2CC=CCF
CHEMBL1944829	7.45	1	COC(=O)C1C(c2ccc(F)cc2)CC2CCC1N2C
CHEMBL1641691	8.35	1	COC(=O)C(c1cccc(I)c1)C1CCCCN1
CHEMBL1818445	7.7	1	Cc1csc(C23CNCCC2(c2ccc(Cl)c(Cl)c2)C3)n1
CHEMBL1818451	6.5	1	Cc1ccn(CC23CNCCC2(c2ccc(Cl)c(Cl)c2)C3)n1
CHEMBL1818452	7.0	1	Cc1ccnn1CC12CNCCC1(c1ccc(Cl)c(Cl)c1)C2
CHEMBL1818455	6.8	1	Cc1cc(C)n(CC23CNCCC2(c2ccc(Cl)c(Cl)c2)C3)n1
CHEMBL1818543	6.7	1	Cc1nc(C)n(CC23CNCCC2(c2ccc(Cl)c(Cl)c2)C3)n1
CHEMBL538876	7.77	1	COC(=O)C1C(c2ccc(C)cc2)CC2CCC1N2CC=CI
CHEMBL1944828	8.49	1	CC(CF)OC(=O)C1C(c2ccc(Cl)cc2)CC2CCC1N2C
CHEMBL2338052	7.0	1	Fc1cc(F)c(F)c(OC(c2ccccc2)C2CCNC2)c1F
CHEMBL2338051	7.2	1	Fc1ccc(F)c(OC(c2ccccc2)C2CCNC2)c1Cl
CHEMBL2338046	6.5	1	Fc1cc(F)c(Cl)c(OC(c2ccccc2)C2CCNC2)c1Cl
CHEMBL2338043	7.0	1	Clc1ccc(Cl)c(OC(c2ccccc2)C2CCNC2)c1Cl
CHEMBL2338040	6.1	1	Clc1cc(Cl)c(Cl)c(OC(c2ccccc2)C2CCNC2)c1
CHEMBL2338036	6.4	1	COc1cc(Cl)ccc1OC(c1ccccc1)C1CCNC1
CHEMBL2337607	6.5	1	Clc1cc(Cl)cc(OC(c2ccccc2)C2CCNC2)c1
CHEMBL2337606	6.5	1	Clc1cccc(Cl)c1OC(c1ccccc1)C1CCNC1
CHEMBL2337602	7.4	1	Clc1cccc(OC(c2ccccc2)C2CCNC2)c1Cl
CHEMBL2337597	6.8	1	Clc1ccc(OC(c2ccccc2)C2CCNC2)cc1
CHEMBL2337594	6.9	1	Clc1cccc(OC(c2ccccc2)C2CCNC2)c1
CHEMBL2337592	7.2	1	Clc1ccccc1OC(c1ccccc1)C1CCNC1
CHEMBL2337590	6.8	1	Cc1ccccc1OC(c1ccccc1)C1CCNC1
CHEMBL2337588	6.0	1	COc1ccccc1OC(c1ccccc1)C1CCNC1
CHEMBL322385	7.46	1	Cc1ccc(-c2cc(C3C(c4ccc(Cl)cc4)CC4CCC3N4C)on2)cc1
CHEMBL232498	4.96	0	CC=CC1=C(c2ccc(Cl)c(Cl)c2)CCCC1
CHEMBL396318	4.66	0	COC(=O)C1=C(c2cccc(Cl)c2)CCCCC1
CHEMBL398009	4.82	0	COC(=O)C1=C(c2ccc(Cl)cc2)CCCCC1
CHEMBL232068	4.92	0	COC(=O)C1=C(c2ccc3ccccc3c2)CCCC1
CHEMBL231858	4.66	0	COC(=O)C1=C(c2cccc(Cl)c2)CCCC1
CHEMBL232870	4.07	0	COC(=O)C1=C(c2ccc(Cl)cc2)CCCC1
CHEMBL232671	4.47	0	COC(=O)C1=C(c2cccc(Cl)c2)CCC1
CHEMBL394585	4.75	0	COC(=O)C1=C(c2ccc(Cl)cc2)CCC1
CHEMBL396754	4.69	0	CCOC(=O)C1=C(c2cccc([N+](=O)[O-])c2)CCNC1
CHEMBL399430	4.92	0	O=C(OC1CCCCC1)C1=C(c2ccc(Cl)c(Cl)c2)CCC1
CHEMBL250008	4.03	0	CCN(CC)C(=O)C1=C(c2ccc(Cl)c(Cl)c2)CCC1
CHEMBL249807	4.24	0	O=C(C1=C(c2ccc(Cl)c(Cl)c2)CCC1)N1CCCC1
CHEMBL250000	4.96	0	O=C(C1=C(c2ccc(Cl)c(Cl)c2)CCC1)N1CCOCC1
CHEMBL457967	4.37	0	COc1ccc(F)cc1C1CCC(CN)O1
CHEMBL512736	4.48	0	COc1ccc(F)cc1C1CCC(CCN)O1
CHEMBL473966	4.17	0	CNCCC1CCC(CCc2cc(F)ccc2OC)O1
CHEMBL135	4.93	0	CC12CCC3c4ccc(O)cc4CCC3C1CCC2O
CHEMBL418971	4.82	0	CC(C)(c1ccc(O)cc1)c1ccc(O)cc1
CHEMBL434063	4.97	0	CN(CCOc1ccc(CC(Nc2ccccc2C(=O)c2ccccc2)C(=O)O)cc1)c1ccccn1
CHEMBL44	4.87	0	O=c1c(-c2ccc(O)cc2)coc2cc(O)cc(O)c12
CHEMBL56367	4.93	0	CS(=O)(=O)Nc1ccc([N+](=O)[O-])cc1Oc1ccccc1
CHEMBL828	4.83	0	c1ccc2c(c1)Nc1ccccc1S2
CHEMBL584	4.91	0	Cc1c(O)cccc1C(=O)NC(CSc1ccccc1)C(O)CN1CC2CCCCC2CC1C(=O)NC(C)(C)C
CHEMBL157101	4.73	0	CC(=O)N1CCN(c2ccc(OCC3COC(Cn4ccnc4)(c4ccc(Cl)cc4Cl)O3)cc2)CC1
CHEMBL428	4.31	0	NC1C2CN(c3nc4c(cc3F)c(=O)c(C(=O)O)cn4-c3ccc(F)cc3F)CC12
CHEMBL141343	4.97	0	Cc1c(C)c2c(c(C)c1O)CCC(C)(CN1CCN(c3cc(N4CCCC4)nc(N4CCCC4)n3)CC1)O2
CHEMBL180101	4.7	0	CCOc1ccccc1OC(c1ccccc1)C1CNCCO1
CHEMBL119605	2.55	0	CNCCC(Oc1cccc2c(O)c(OC)ccc12)c1cccs1
CHEMBL326713	2.13	0	CNCCC(Oc1cccc2c(O)c(O)ccc12)c1cccs1
CHEMBL2029053	2.45	0	CNCCC(Oc1ccc(OC2OC(C(=O)O)C(O)C(O)C2O)c2ccccc12)c1cccs1
CHEMBL325669	3.45	0	CNCCC(Oc1cccc2c(OC)c(O)ccc12)c1cccs1
CHEMBL332098	3.78	0	CNCCC(Oc1cccc2cc(O)ccc12)c1cccs1
CHEMBL324967	3.61	0	CNCCC(Oc1cccc2c(O)cccc12)c1cccs1
CHEMBL332097	3.88	0	CNCCC(Oc1ccc(O)c2ccccc12)c1cccs1
CHEMBL434959	3.4	0	COC(=O)C1=C(c2ccc3ccccc3c2)CCCCC1
CHEMBL232879	3.62	0	COC(=O)C1=C(c2cccc([N+](=O)[O-])c2)CCCC1
CHEMBL395649	3.63	0	COC(=O)C1=C(c2ccc(O)cc2)CCCC1
CHEMBL438321	3.22	0	COC(=O)C1=C(c2ccc(C(F)(F)F)cc2)CCCC1
CHEMBL234128	2.97	0	COC(=O)C1=C(c2cccc(C(F)(F)F)c2)CCCC1
CHEMBL234127	3.2	0	COC(=O)C1=C(c2ccccc2)CCCC1
CHEMBL397520	2.77	0	COC(=O)C1=C(c2ccc(OC(F)(F)F)cc2)CCCC1
CHEMBL232070	3.21	0	COC(=O)C1=C(c2ccc(C(C)(C)C)cc2)CCCC1
CHEMBL232069	3.57	0	COC(=O)C1=C(c2ccc(-c3ccccc3)cc2)CCCC1
CHEMBL232674	3.05	0	COC(=O)C1=C(c2cccc(N)c2)CCC1
CHEMBL232867	3.47	0	COC(=O)C1=C(c2ccc(C(C)=O)cc2)CCC1
CHEMBL232866	2.57	0	COC(=O)C1=C(c2ccc(OC(F)(F)F)cc2)CCC1
CHEMBL396083	3.51	0	COC(=O)C1=C(c2ccc(C(C)(C)C)cc2)CCC1
CHEMBL232672	3.85	0	COC(=O)C1=C(c2ccc(OC)cc2)CCC1
CHEMBL232663	3.05	0	COC(=O)C1=C(c2ccc(C(C)(C)C)cc2)CCCCC1
CHEMBL234379	2.94	0	COC(=O)C1CCCCCC1c1ccc(C(C)(C)C)cc1
CHEMBL231684	3.5	0	COC(=O)C1CCCCCC1c1ccc(-c2ccccc2)cc1
CHEMBL394373	3.65	0	COC(=O)C1CCCCC1c1ccc(C(F)(F)F)cc1
CHEMBL393701	3.24	0	COC(=O)C1CCCCC1c1cccc(C(F)(F)F)c1
CHEMBL233530	3.01	0	COC(=O)C1CCCCC1c1ccccc1
CHEMBL442234	2.92	0	COC(=O)C1CCCCC1c1ccc(OC(F)(F)F)cc1
CHEMBL394089	3.11	0	COC(=O)C1CCCCC1c1ccc(C(C)(C)C)cc1
CHEMBL233532	3.08	0	COC(=O)C1CCCCC1c1ccc(-c2ccccc2)cc1
CHEMBL388255	4.76	0	COC(=O)C1CN(C)CCC1c1ccccc1
CHEMBL397490	4.23	0	COC(=O)C1CN(C)CCC1c1ccc(Cl)c(Cl)c1
CHEMBL450987	4.01	0	COc1ccc(F)cc1CC1CCC(CN)O1
CHEMBL456222	4.29	0	COc1ccc(F)cc1CC1CCC(CCN)O1
CHEMBL456223	4.52	0	COc1ccc(F)cc1CCC1CCC(CN)O1
CHEMBL460406	4.79	0	COc1ccc(F)cc1CCC1CCC(CCN)O1
CHEMBL450907	4.67	0	COc1ccc(F)cc1CCCC1CCC(CCN)O1
CHEMBL1175	3.61	0	CNCCC(Oc1cccc2ccccc12)c1cccs1
