CHEMBL281288	8.92	1	C=CC1C(c2ccc(Cl)cc2)CC2CCC1N2C
CHEMBL145589	6.65	1	CN1C2CCC1C(C=CCl)C(OC(=O)c1ccccc1)C2
CHEMBL322923	8.15	1	COC(=O)C1=C(c2ccc(Cl)c(Cl)c2)CC2CCC1C2
CHEMBL88915	8.92	1	COC(=O)C1=C(c2ccc(Cl)c(Cl)c2)CC2CCC1N2C
CHEMBL169471	9.15	1	COC(=O)C1C2CCC(CC1c1ccc(Cl)c(Cl)c1)N2
CHEMBL53200	7.0	1	COC(=O)C1C(OC(c2ccc(F)cc2)c2ccc(F)cc2)CC2CCC1N2CCCCCc1ccccc1
CHEMBL55174	6.65	1	COC(=O)C1C(OC(c2ccc(F)cc2)c2ccc(F)cc2)CC2CCC1N2Cc1ccccc1
CHEMBL300183	7.66	1	COC(=O)C1C(OC(c2ccc(F)cc2)c2ccc(F)cc2)CC2CCC1N2CCCc1ccccc1
CHEMBL299890	7.23	1	COC(=O)C1C(c2ccc(F)cc2)CC2CCC1N2Cc1ccccc1
CHEMBL54628	8.85	1	COC(=O)C1C(c2ccc(F)cc2)CC2CCC1N2CCCc1ccccc1
CHEMBL55097	8.47	1	COC(=O)C1C(c2ccc(F)cc2)CC2CCC1N2CCCCCc1ccccc1
CHEMBL85492	8.82	1	C=Cc1ccc(C2CC3CCC(N3)C2C(=O)CC)cc1
CHEMBL418190	9.92	1	CCC(=O)C1C(c2ccc3ccccc3c2)CC2CCC1N2C
CHEMBL278122	6.36	1	CCC(=O)C1C(c2ccc(C(C)C)cc2)CC2CCC1N2C
CHEMBL85877	7.8	1	C=C(C)c1ccc(C2CC3CCC(N3)C2C(=O)CC)cc1
CHEMBL84899	6.31	1	CCC(=O)C1C2CCC(CC1c1ccc(C3CCCCC3)cc1)N2
CHEMBL87983	8.33	1	CCC(=O)C1C2CCC(CC1c1ccc(C)cc1)N2
CHEMBL36720	7.44	1	CCC(=O)C1C2CCC(CC1c1ccc3ccccc3c1)N2
CHEMBL314919	6.57	1	CCC(=O)C1C(c2ccc(C(CC)CC)cc2)CC2CCC1N2C
CHEMBL82807	8.14	1	C=C(C)c1ccc(C2CC3CCC(C2C(=O)CC)N3C)cc1
CHEMBL314361	9.05	1	C=Cc1ccc(C2CC3CCC(C2C(=O)CC)N3C)cc1
CHEMBL87678	6.72	1	CCC(=O)C1C2CCC(CC1c1ccc(C(CC)CC)cc1)N2
CHEMBL23142	8.09	1	CCC(=O)C1C(c2ccc(C)cc2)CC2CCC1N2C
CHEMBL87739	6.5	1	CCC(=O)C1C(c2ccc(C3CCCCC3)cc2)CC2CCC1N2C
CHEMBL85256	6.27	1	CCC(=O)C1C2CCC(CC1c1ccc(C(C)C)cc1)N2
CHEMBL280329	7.89	1	c1ccc2sc(C3(N4CCCC4)CCCC3)cc2c1
CHEMBL18502	6.2	1	NC1(c2cc3ccccc3s2)CCCC1
CHEMBL36074	9.02	1	Ic1ccc(CN2CCC(CCOC(c3ccccc3)c3ccccc3)CC2)cc1
CHEMBL160559	6.95	1	c1ccc(C(OCCC2CCN(Cc3ccc(-c4cccc5ccccc45)cc3)CC2)c2ccccc2)cc1
CHEMBL157757	7.94	1	C=C(C)c1ccc(CN2CCC(CCOC(c3ccccc3)c3ccccc3)CC2)cc1
CHEMBL158832	7.2	1	CC(C)c1ccc(CN2CCCC(CCOC(c3ccccc3)c3ccccc3)C2)cc1
CHEMBL159128	8.35	1	c1ccc(CN2CCC(CCNC(c3ccccc3)c3ccccc3)CC2)cc1
CHEMBL158427	8.53	1	C=Cc1ccc(CN2CCC(CCOC(c3ccccc3)c3ccccc3)CC2)cc1
CHEMBL160488	6.62	1	Oc1ccc(CN2CCC(CCOC(c3ccccc3)c3ccccc3)CC2)cc1
CHEMBL348100	8.39	1	C#Cc1ccc(CN2CCC(CCOC(c3ccccc3)c3ccccc3)CC2)cc1
CHEMBL160812	7.84	1	Oc1cccc(CN2CCC(CCOC(c3ccccc3)c3ccccc3)CC2)c1
CHEMBL159184	7.57	1	c1ccc(C(OCCC2CCN(Cc3ccc(-c4ccc5ccccc5c4)cc3)CC2)c2ccccc2)cc1
CHEMBL423061	8.09	1	COC(=O)c1ccc(CN2CCC(CCOC(c3ccccc3)c3ccccc3)CC2)cc1
CHEMBL160897	7.19	1	CC#Cc1ccc(CN2CCC(CCOC(c3ccccc3)c3ccccc3)CC2)cc1
CHEMBL440191	7.71	1	COc1cccc(CN2CCC(CCOC(c3ccccc3)c3ccccc3)CC2)c1
CHEMBL342774	8.62	1	CCOC(=O)C1C2CCC(CC1c1ccc3c(ccn3CC)c1)N2
CHEMBL450620	8.92	1	CCOC(=O)C1C(c2ccc3c(ccn3CC)c2)CC2CCC1N2C
CHEMBL344087	7.24	1	CCOC(=O)C1C(c2ccc(-c3cccn3Cc3ccccc3)cc2)CC2CCC1N2C
CHEMBL144323	6.15	1	CCOC(=O)C1C(c2ccc(-c3cccn3C)cc2)CC2CCC1N2C
CHEMBL358516	6.08	1	CCOC(=O)C1C2CCC(CC1c1ccc(-c3ccc(C)n3C)cc1)N2
CHEMBL357890	9.12	1	CCOC(=O)C1C(c2ccc3c(ccn3C)c2)CC2CCC1N2C
CHEMBL343441	7.49	1	CCOC(=O)C1C2CCC(CC1c1ccc(-c3cccn3Cc3ccccc3)cc1)N2
CHEMBL144348	8.56	1	CCOC(=O)C1C2CCC(CC1c1ccc3c(ccn3C)c1)N2
CHEMBL144373	6.21	1	CCOC(=O)C1C2CCC(CC1c1ccc(-c3cccn3C)cc1)N2
CHEMBL39576	8.21	1	COC(=O)C1C(c2ccc(Cl)cc2)CC2CCC1N2CC=CI
CHEMBL102326	6.83	1	COC(=O)C1C(OC(=O)c2ccc(F)cc2)CC2CCC1N2C
CHEMBL50157	7.26	1	CCc1ccc(C2CC3CCC(C2C(=O)OC)N3C)cc1
CHEMBL610894	9.37	1	CC(C)OC(=O)C1C(c2ccc(I)cc2)CC2CCC1N2C
CHEMBL2112877	8.97	1	CC(C)OC(=O)C1C2CCC(CC1c1ccc(I)cc1)N2
CHEMBL21256	6.69	1	COC(=O)C1C2CCC(CC1OC(=O)c1ccccc1)N2
CHEMBL2112860	7.3	1	CCc1ccc(C2CC3CCC(N3)C2C(=O)OC)cc1
CHEMBL279657	7.51	1	COC(=O)C1C2CCC(CC1c1ccccc1)N2
CHEMBL2112889	9.16	1	COC(=O)C1C2CCC(CC1c1ccc(I)cc1)N2
CHEMBL39262	7.71	1	Fc1ccc(CN2CCC(CNCC(c3ccccc3)c3ccccc3)CC2)cc1
CHEMBL189082	7.95	1	N#Cc1ccc(CNC2CCC(C(c3ccccc3)c3ccccc3)NC2)cc1
CHEMBL188363	7.32	1	COc1ccc(CNC2CCC(C(c3ccccc3)c3ccccc3)NC2)cc1
CHEMBL436084	6.25	1	Fc1ccc(CCN2CCN3CC2CCC3C(c2ccccc2)c2ccccc2)cc1
CHEMBL189084	7.09	1	Fc1ccc(N2CCN3CC2CCC3C(c2ccccc2)c2ccccc2)cc1
CHEMBL185803	6.96	1	N#Cc1ccc(N2CCN3CC2CCC3C(c2ccccc2)c2ccccc2)cc1
CHEMBL280518	7.16	1	COc1ccc(N2CCN3CC2CCC3C(c2ccccc2)c2ccccc2)cc1
CHEMBL361268	6.68	1	Clc1ccc(N2CCN3CC2CCC3C(c2ccccc2)c2ccccc2)cc1Cl
CHEMBL364561	6.24	1	Oc1ccc(N2CCN3CC2CCC3C(c2ccccc2)c2ccccc2)cc1
CHEMBL189805	6.67	1	CCOc1ccc(N2CCN3CC2CCC3C(c2ccccc2)c2ccccc2)cc1
CHEMBL186918	6.02	1	c1ccc(C(c2ccccc2)C2CCC3CN2CCN3c2cccc3ccccc23)cc1
CHEMBL189095	6.51	1	c1ccc(C(c2ccccc2)C2CCC3CN2CCN3c2ccc3ccccc3c2)cc1
CHEMBL187429	6.43	1	O=S(=O)(Nc1ccc(CN2CCN3CC2CCC3C(c2ccccc2)c2ccccc2)cc1)c1ccc(Cl)cc1
CHEMBL40607	7.47	1	Fc1ccc(CNC2CCC(C(c3ccccc3)c3ccccc3)NC2)cc1
CHEMBL188953	6.65	1	CN(Cc1ccc(F)cc1)C1CCC(C(c2ccccc2)c2ccccc2)N(C)C1
CHEMBL186501	6.04	1	COC(=O)C1=C(c2ccccc2)CC2CCC1S2
CHEMBL363510	6.66	1	COC(=O)C1=C(c2ccc(F)cc2)CC2CCC1S2
CHEMBL186447	7.89	1	COC(=O)C1=C(c2ccc(Cl)cc2)CC2CCC1S2
CHEMBL187695	8.04	1	COC(=O)C1=C(c2ccc(Br)cc2)CC2CCC1S2
CHEMBL364146	8.17	1	COC(=O)C1=C(c2ccc(I)cc2)CC2CCC1S2
CHEMBL186242	8.35	1	COC(=O)C1=C(c2ccc(Cl)c(Cl)c2)CC2CCC1S2
CHEMBL365092	8.1	1	COC(=O)C1=C(c2ccc3ccccc3c2)CC2CCC1S2
CHEMBL185792	6.62	1	COC(=O)C1=C(c2ccc(Cl)cc2)CC2CCC1O2
CHEMBL186488	7.21	1	COC(=O)C1=C(c2ccc(Br)cc2)CC2CCC1O2
CHEMBL187211	7.17	1	COC(=O)C1=C(c2ccc(I)cc2)CC2CCC1O2
CHEMBL185169	7.7	1	COC(=O)C1=C(c2ccc3ccccc3c2)CC2CCC1O2
CHEMBL192672	6.4	1	COCOC1CC2CC(OC(c3ccccc3)c3ccc(Cl)cc3)CC1N2C
CHEMBL192317	6.22	1	CN1C2CC(OC(c3ccccc3)c3ccc(Cl)cc3)CC1C(O)C2
CHEMBL192195	8.13	1	COC(=O)C1C(c2ccc(C)c(F)c2)CC2CCC1N2C
CHEMBL192035	7.86	1	COC(=O)C1C(c2ccc(F)c(C)c2)CC2CCC1N2C
CHEMBL365738	8.05	1	COC(=O)C1C2CCC(CC1c1ccc(C)c(F)c1)N2
CHEMBL195738	8.03	1	COC(=O)C1C2CCC(CC1c1ccc(F)c(C)c1)N2
CHEMBL192924	8.63	1	COC(=O)C1C2CCC(CC1c1cccc(F)c1)N2
CHEMBL366159	8.25	1	COC(=O)C1C2CCC(CC1c1ccc(F)c(F)c1)N2
CHEMBL371607	8.63	1	COC(=O)C1C2CCC(CC1c1cc(F)cc(F)c1)N2
CHEMBL2113053	6.53	1	COc1cc(CNC2COC(C(c3ccccc3)c3ccccc3)CC2O)cc(OC)c1
CHEMBL1492	6.38	1	CN1CCC(OC(c2ccccc2)c2ccccc2)CC1
CHEMBL197615	7.36	1	CN1CCC(OC(c2ccc(Cl)cc2)c2ccc(Cl)cc2)CC1
CHEMBL197857	7.66	1	CN1CCC(OC(c2ccc(F)cc2)c2ccc(F)cc2)CC1
CHEMBL197858	6.81	1	CN1CCC(OC(c2ccccc2)c2ccc(Cl)cc2)CC1
CHEMBL371224	6.56	1	CN1CCC(OC(c2ccccc2)c2ccc(F)cc2)CC1
CHEMBL198172	6.53	1	Cc1cccc(C(OC2CCN(C)CC2)c2ccccc2)c1
CHEMBL371067	6.58	1	CC(OC1CCN(C)CC1)c1ccc(F)cc1
CHEMBL370627	7.9	1	CCCCN1CCC(OC(c2ccc(Cl)cc2)c2ccc(Cl)cc2)CC1
CHEMBL381247	7.3	1	Fc1ccc(CN2CCC(OC(c3ccc(Cl)cc3)c3ccc(Cl)cc3)CC2)cc1
CHEMBL382955	6.26	1	CN1C2CCC1CC(O)(C1c3ccccc3-c3ccccc31)C2
CHEMBL371726	6.22	1	CN1C2C=C(c3c[nH]c4ccccc34)CC1CC2
CHEMBL381045	6.12	1	CN1C2C=C(c3ccc4c(c3)Cc3ccccc3-4)CC1CC2
CHEMBL378483	6.54	1	CN1C2CCC1C1COC(=O)CCC3(CCC(=O)Nc4ccc(cc4)C1C2)c1ccccc1-c1ccccc13
CHEMBL378243	6.77	1	CN1C2CCC1C1COC(=O)CCSCCC(=O)Nc3ccc(cc3)C1C2
CHEMBL379333	6.8	1	CN1C2CCC1C1COC(=O)CCC(=O)CCC(=O)Nc3ccc(cc3)C1C2
CHEMBL211494	6.05	1	CN1C2CCC1C1COC(=O)CCCCC(=O)Nc3ccc(cc3)C1C2
CHEMBL223134	6.62	1	[N-]=[N+]=Nc1ccc(CN2CCN(CCCN(c3ccc(F)cc3)c3ccc(F)cc3)CC2)cc1I
CHEMBL221725	8.25	1	[N-]=[N+]=Nc1ccc(CCN2CCN(CCOC(c3ccccc3)c3ccccc3)CC2)cc1I
CHEMBL330021	7.71	1	Fc1ccc(N(CCCN2CCN(CCCc3ccccc3)CC2)c2ccc(F)cc2)cc1
CHEMBL87841	7.53	1	Fc1ccc(N(CCCN2CCN(Cc3ccccc3)CC2)c2ccc(F)cc2)cc1
CHEMBL223296	7.02	1	N#CSc1ccc(CCCN2CCN(CCCN(c3ccc(F)cc3)c3ccc(F)cc3)CC2)cc1I
CHEMBL375607	7.18	1	N#CSc1ccc(CCN2CCN(CCCN(c3ccc(F)cc3)c3ccc(F)cc3)CC2)cc1I
CHEMBL374126	7.0	1	N#CSc1ccc(CCCN2CCN(CCCN(c3ccc(F)cc3)c3ccc(F)cc3)CC2)cc1
CHEMBL222184	7.17	1	N#CSc1ccc(CCN2CCN(CCCN(c3ccc(F)cc3)c3ccc(F)cc3)CC2)cc1
CHEMBL221767	7.12	1	N#CSc1ccc(CN2CCN(CCCN(c3ccc(F)cc3)c3ccc(F)cc3)CC2)cc1
CHEMBL221819	6.55	1	[N-]=[N+]=Nc1ccc(CCCN2CCN(CCCN(c3ccc(F)cc3)c3ccc(F)cc3)CC2)cc1I
CHEMBL221506	6.79	1	[N-]=[N+]=Nc1ccc(CCN2CCN(CCCN(c3ccc(F)cc3)c3ccc(F)cc3)CC2)cc1I
CHEMBL2113279	7.08	1	COc1ccc(-c2cnc(C3C(c4ccc(C)cc4)CC4CCC3N4C)s2)cc1OC
CHEMBL376113	6.99	1	Cc1ccc(C2CC3CCC(C2c2ncc(-c4ccc(Cl)c(Cl)c4)s2)N3C)cc1
CHEMBL226933	7.82	1	COc1ccc(-c2cnc(C3C(c4ccc(C)cc4)CC4CCC3N4C)s2)cc1
CHEMBL226984	8.4	1	Cc1ccc(C2CC3CCC(C2c2ncc(-c4cccc([N+](=O)[O-])c4)s2)N3C)cc1
CHEMBL229436	7.39	1	Cc1ccc(C2CC3CCC(C2c2ncc(-c4ccc([N+](=O)[O-])cc4)s2)N3C)cc1
CHEMBL436132	8.0	1	Cc1ccc(C2CC3CCC(C2c2ncc(-c4cccc(Br)c4)s2)N3C)cc1
CHEMBL229381	7.66	1	Cc1ccc(C2CC3CCC(C2c2ncc(-c4ccc(Cl)cc4)s2)N3C)cc1
CHEMBL229699	7.92	1	Cc1ccc(C2CC3CCC(C2c2ncc(-c4ccc(F)cc4)s2)N3C)cc1
CHEMBL388832	7.19	1	COc1ccc(-c2cnc(C3C(c4ccc(Cl)cc4)CC4CCC3N4C)s2)cc1OC
CHEMBL388612	6.36	1	CN1C2CCC1C(c1ncc(-c3ccc(Cl)c(Cl)c3)s1)C(c1ccc(Cl)cc1)C2
CHEMBL227233	7.85	1	COc1ccc(-c2cnc(C3C(c4ccc(Cl)cc4)CC4CCC3N4C)s2)cc1
CHEMBL388760	8.3	1	CN1C2CCC1C(c1ncc(-c3cccc([N+](=O)[O-])c3)s1)C(c1ccc(Cl)cc1)C2
CHEMBL227232	7.7	1	CN1C2CCC1C(c1ncc(-c3ccc([N+](=O)[O-])cc3)s1)C(c1ccc(Cl)cc1)C2
CHEMBL227231	7.75	1	CN1C2CCC1C(c1ncc(-c3cccc(Br)c3)s1)C(c1ccc(Cl)cc1)C2
CHEMBL388759	6.97	1	CN1C2CCC1C(c1ncc(-c3ccc(Br)cc3)s1)C(c1ccc(Cl)cc1)C2
CHEMBL227180	7.7	1	CN1C2CCC1C(c1ncc(-c3ccc(Cl)cc3)s1)C(c1ccc(Cl)cc1)C2
CHEMBL390743	8.22	1	CN1C2CCC1C(c1ncc(-c3ccc(F)cc3)s1)C(c1ccc(Cl)cc1)C2
CHEMBL227179	8.24	1	CN1C2CCC1C(c1ncc(-c3ccccc3)s1)C(c1ccc(Cl)cc1)C2
CHEMBL255140	8.1	1	CCCCCCC(=O)OCC1C(c2ccc(Cl)c(Cl)c2)CC2CCC1N2C
CHEMBL227757	8.7	1	COC(=O)C1C2CCC(CC1c1ccc(Cl)c(Cl)c1)S2
CHEMBL1099212	7.52	1	CN1CCN(CC(c2cccc(Cl)c2)C2(N)CCCCC2)CC1
CHEMBL781	7.66	1	OC1(c2ccc(Cl)cc2)c2ccccc2C2=NCCN21
CHEMBL1083430	6.54	1	CNCC(O)CCN1c2ccccc2N(c2ccc(F)c(F)c2)S1(=O)=O
CHEMBL1085338	6.29	1	CNCCCN1c2ccccc2N(c2ccccc2F)S1(=O)=O
CHEMBL1643644	6.81	1	Cc1cc(C2=C(c3ccc(Cl)cc3)CC3CCC2S3)on1
CHEMBL1643645	6.86	1	Cc1cc(C2=C(c3ccc(Br)cc3)CC3CCC2S3)on1
CHEMBL1643646	7.16	1	Cc1cc(C2=C(c3ccc(Cl)c(Cl)c3)CC3CCC2S3)on1
CHEMBL1643649	7.18	1	Clc1ccc(C2=C(c3cc(-c4ccccc4)no3)C3CCC(C2)S3)cc1
CHEMBL1643650	6.9	1	Brc1ccc(C2=C(c3cc(-c4ccccc4)no3)C3CCC(C2)S3)cc1
CHEMBL1643651	6.48	1	Clc1ccc(C2=C(c3cc(-c4ccccc4)no3)C3CCC(C2)S3)cc1Cl
CHEMBL1643659	6.89	1	Clc1ccc(C2CC3CCC(S3)C2c2cc(-c3ccccc3)no2)cc1
CHEMBL1643660	6.62	1	Brc1ccc(C2CC3CCC(S3)C2c2cc(-c3ccccc3)no2)cc1
CHEMBL1643667	6.8	1	c1ccc(-c2cc(C3C4CCC(CC3c3ccccc3)S4)on2)cc1
CHEMBL1830887	6.68	1	O=S1(=O)N(CCC2CNCCO2)c2ccccc2N1c1ccc(F)cc1
CHEMBL508112	6.61	1	c1ccc2sc(SSc3nc4ccccc4s3)nc2c1
CHEMBL296419	6.0	1	COc1ccc(CCN2CCC(Nc3nc4ccccc4n3Cc3ccc(F)cc3)CC2)cc1
CHEMBL305660	7.01	1	CC(C)(C)c1ccc(C(=O)CCCN2CCC(OC(c3ccccc3)c3ccccc3)CC2)cc1
CHEMBL808	6.08	1	Clc1ccc(COC(Cn2ccnc2)c2ccc(Cl)cc2Cl)cc1
CHEMBL30008	6.23	1	Fc1ccc(C(c2ccc(F)cc2)N2CCN(CC=Cc3ccccc3)CC2)cc1
CHEMBL691	6.25	1	C#CC1(O)CCC2C3CCc4cc(O)ccc4C3CCC21C
CHEMBL1201353	6.03	1	CN(C)CCC(c1ccc(Cl)cc1)c1ccccn1
CHEMBL1626	6.17	1	CN1CCCC1CCOC(C)(c1ccccc1)c1ccc(Cl)cc1
CHEMBL707	6.73	1	COc1cc2nc(N3CCN(C(=O)C4COc5ccccc5O4)CC3)nc(N)c2cc1OC
CHEMBL648	6.12	1	CN1CCN(C(c2ccccc2)c2ccccc2)CC1
CHEMBL926	6.81	1	CC(CCc1ccc(O)cc1)NCCc1ccc(O)c(O)c1
CHEMBL954	6.11	1	CCN(CC)CCOc1ccc(C(=C(Cl)c2ccccc2)c2ccccc2)cc1
CHEMBL723	6.07	1	COc1ccccc1OCCNCC(O)COc1cccc2[nH]c3ccccc3c12
CHEMBL1177	6.28	1	NC1=NC(=O)C(c2ccccc2)O1
CHEMBL511	6.06	1	COc1ccc(CN(CCN(C)C)c2ccccn2)cc1
CHEMBL1231	7.07	1	CCN(CC)CC#CCOC(=O)C(O)(c1ccccc1)C1CCCCC1
CHEMBL19215	7.2	1	CN1CC(CNC(=O)OCc2ccccc2)CC2c3cccc4c3c(cn4C)CC21
CHEMBL1670	6.0	1	Clc1ccc(C(c2ccccc2Cl)C(Cl)Cl)cc1
CHEMBL809	7.49	1	CNC1CCC(c2ccc(Cl)c(Cl)c2)c2ccccc21
CHEMBL1419	6.2	1	CC(C)CC(N(C)C)C1(c2ccc(Cl)cc2)CCC1
CHEMBL17157	6.59	1	CC(C)(C)c1ccc(C(O)CCCN2CCC(C(O)(c3ccccc3)c3ccccc3)CC2)cc1
CHEMBL1945779	8.52	1	COC(=O)C1C(c2ccccc2)CC2CCC1N2CC#CCF
CHEMBL1947093	8.19	1	COC(=O)C1C(c2ccc(OC)cc2)CC2CCC1N2C
CHEMBL1947094	7.04	1	CCOc1ccc(C2CC3CCC(C2C(=O)OC)N3C)cc1
CHEMBL1947095	7.85	1	COc1ccc(C2CC3CCC(C2C(=O)OC(C)C)N3C)cc1
CHEMBL1944825	7.53	1	CCOC(=O)C1C(c2ccc(C)cc2)CC2CCC1N2Cc1ccc(F)cc1
CHEMBL1944826	8.15	1	CCOC(=O)C1C(c2ccc(Cl)cc2)CC2CCC1N2Cc1ccc(F)cc1
CHEMBL1945128	6.1	1	CN1C2CCC1C(c1nc(-c3ccccc3)no1)C(c1ccc(Cl)cc1)C2
CHEMBL1944834	6.1	1	COC(=O)C1C(c2ccc(I)cc2)CC2C(C)CC1N2C
CHEMBL2012078	6.99	1	COC(=O)C1=C(c2ccc(-c3ccco3)cc2)CC2CCC1O2
CHEMBL2012079	6.57	1	COC(=O)C1=C(c2ccc(-c3cccs3)cc2)CC2CCC1O2
CHEMBL2012087	6.46	1	COC(=O)C1=C(c2cc3ccccc3o2)CC2CCC1O2
CHEMBL2012090	7.89	1	COC(=O)C1=C(c2cc3ccccc3s2)CC2CCC1O2
CHEMBL2012091	6.47	1	COC(=O)C1=C(c2cc3ccccc3[nH]2)CC2CCC1O2
CHEMBL2012101	6.45	1	COC(=O)C1C2CCC(CC1c1ccc(-c3cccs3)cc1)O2
CHEMBL2012110	7.41	1	COC(=O)C1C2CCC(CC1c1cc3ccccc3o1)O2
CHEMBL2012116	6.31	1	COC(=O)C1C2CCC(CC1c1ccc(-c3ccccc3)s1)O2
CHEMBL2012121	7.7	1	C1=C(c2ccc3ccccc3c2)CC2CCC1O2
CHEMBL3323185	6.24	1	CN1Cc2cc(N3CCCCC3)ccc2C(c2cc3ccccc3s2)C1
CHEMBL3323183	7.06	1	CN1Cc2cc(N3CCOCC3)ccc2C(c2ccc3ccsc3c2)C1
CHEMBL3323179	8.28	1	CN(C)Cc1ccc2c(c1)CN(C)CC2c1ccc2sccc2c1
CHEMBL3323178	7.96	1	CN1Cc2cc(CN)ccc2C(c2ccc3sccc3c2)C1
CHEMBL3323175	8.16	1	CN1Cc2cc(O)ccc2C(c2ccc3sccc3c2)C1
CHEMBL3323174	8.05	1	COc1ccc2c(c1)CN(C)CC2c1ccc2sccc2c1
CHEMBL3323173	7.92	1	Cc1ccc2c(c1)CN(C)CC2c1ccc2sccc2c1
CHEMBL3323101	8.35	1	CN1Cc2ccccc2C(c2ccc3[nH]ccc3c2)C1
CHEMBL3323099	6.7	1	CN1Cc2ccccc2C(c2cccc3sccc23)C1
CHEMBL3323097	7.42	1	CN1Cc2ccccc2C(c2cc3ccccc3s2)C1
CHEMBL3323096	8.35	1	CN1Cc2ccccc2C(c2ccc3ccsc3c2)C1
CHEMBL3323093	7.37	1	CN1Cc2ccccc2C(c2cccc3occc23)C1
CHEMBL3323092	7.29	1	CN1Cc2ccccc2C(c2coc3ccccc23)C1
CHEMBL3323091	7.8	1	CN1Cc2ccccc2C(c2cc3ccccc3o2)C1
CHEMBL3323090	8.12	1	CN1Cc2ccccc2C(c2ccc3ccoc3c2)C1
CHEMBL3323089	8.24	1	CN1Cc2ccccc2C(c2ccc3occc3c2)C1
CHEMBL3323184	8.24	1	CN1Cc2cc(N3CCOCC3)ccc2C(c2cc3ccccc3s2)C1
CHEMBL3323177	6.96	1	CN1Cc2cc(C#N)ccc2C(c2ccc3sccc3c2)C1
CHEMBL3323176	7.18	1	CN1Cc2cc(F)ccc2C(c2ccc3sccc3c2)C1
CHEMBL3323109	6.05	1	CN1Cc2ccccc2C(c2ccc3ncccc3c2)C1
CHEMBL3323108	7.36	1	CN1Cc2ccccc2C(c2ccc3ccnn3c2)C1
CHEMBL3323107	7.11	1	CN1Cc2ccccc2C(c2ccc3cnsc3c2)C1
CHEMBL3323106	7.28	1	CN1Cc2ccccc2C(c2ccc3ncsc3c2)C1
CHEMBL3323105	6.57	1	CN1Cc2ccccc2C(c2ccc3cn[nH]c3c2)C1
CHEMBL3323104	7.64	1	CN1Cc2ccccc2C(c2ccc3[nH]ncc3c2)C1
CHEMBL3323102	7.92	1	CN1Cc2ccccc2C(c2ccc3cc[nH]c3c2)C1
CHEMBL3323100	6.96	1	CN1Cc2ccccc2C(c2cccc3ccsc23)C1
CHEMBL3703726	6.86	1	FC(F)(F)c1ccc(-c2ccc3c(c2)NCCC3c2ccc(Cl)cc2)nn1
CHEMBL3703727	7.51	1	Nc1ccc(-c2ccc3c(c2)CNCC3c2ccc(Cl)cc2)nn1
CHEMBL3703728	8.74	1	CC1(C)NCC(c2ccc(Cl)c(Cl)c2)c2ccc(-c3cnccn3)cc21
CHEMBL3703729	7.55	1	CC1(C)NCC(c2ccc(Cl)c(Cl)c2)c2ccc(-c3ccc(C(F)(F)F)nn3)cc21
CHEMBL3703730	7.1	1	FC(F)(F)c1ccc(-c2ccc3c(c2)CNCC3c2ccc(Cl)c(Cl)c2)nn1
CHEMBL3703731	7.3	1	FC(F)Oc1ccc(-c2ccc3c(c2)CNCC3c2ccc(Cl)c(Cl)c2)nn1
CHEMBL3703732	8.62	1	CC1(C)NCC(c2ccc(Cl)c(Cl)c2)c2ccc(-c3ccc(N)nn3)cc21
CHEMBL3703733	6.67	1	N#Cc1cccc(-c2ccc3c(c2)CNCC3c2ccc(Cl)c(Cl)c2)c1
CHEMBL3703734	7.11	1	CS(=O)(=O)c1ccc(-c2ccc3c(c2)CNCC3c2ccc(Cl)c(Cl)c2)cc1
CHEMBL3703735	7.07	1	O=c1ccccn1-c1ccc2c(c1)CNCC2c1ccc(Cl)c(Cl)c1
CHEMBL3703736	7.52	1	O=c1cccnn1-c1ccc2c(c1)CNCC2c1ccc(Cl)c(Cl)c1
CHEMBL3703737	7.0	1	CS(=O)(=O)c1cccc(-c2cc3c(cc2F)C(c2ccc(Cl)c(Cl)c2)CNC3)c1
CHEMBL3703738	7.33	1	Cc1noc(C)c1-c1ccc2c(c1)CNCC2c1ccc(Cl)c(Cl)c1
CHEMBL3703739	8.24	1	NC(=O)c1ccc(-c2cc3c(cc2F)C(c2ccc(Cl)c(Cl)c2)CNC3)cc1
CHEMBL3703740	7.11	1	Fc1cc2c(cc1-c1ccc(C(F)(F)F)nn1)CNCC2c1ccc(Cl)c(Cl)c1
CHEMBL3703741	7.61	1	NC(=O)c1ccc(-c2cc3c(cc2F)C(c2ccc(Cl)cc2)CNC3)cc1
CHEMBL3703742	7.48	1	Fc1cc2c(cc1-c1ccc(OC(F)F)nn1)CNCC2c1ccc(Cl)c(Cl)c1
CHEMBL3703743	7.81	1	Clc1ccc(C2CNCc3cc(-c4cccnn4)ccc32)cc1Cl
CHEMBL3703744	8.15	1	Nc1ccc(-c2ccc3c(c2)CNCC3c2ccc(Cl)c(Cl)c2)nn1
CHEMBL3703745	7.1	1	CC1(C)NCC(c2ccc(Cl)cc2)c2ccc(-c3cnc(C(F)(F)F)cn3)cc21
CHEMBL3703746	7.51	1	Clc1ccc(C2CNCc3cc(-c4ccc5ncnn5c4)ccc32)cc1Cl
CHEMBL3703747	7.08	1	Fc1cc2c(cc1-c1ccc3ncnn3c1)CNCC2c1ccc(Cl)c(Cl)c1
CHEMBL3703748	8.68	1	CC1(C)NCC(c2ccc(Cl)c(Cl)c2)c2ccc(-c3ccc4ncnn4c3)cc21
CHEMBL3673127	7.03	1	COc1ccc2c(c1)CN1CCC2(c2ccc(Cl)cc2)C1
CHEMBL3673128	7.27	1	Oc1ccc2c(c1)CN1CCC2(c2ccc(Cl)cc2)C1
CHEMBL3673130	6.22	1	FC(F)(F)c1nnc2ccc(-c3ccc4c(c3)CN3CCC4(c4ccc(Cl)cc4)C3)cn12
CHEMBL3673131	7.13	1	FC(F)(F)c1ccc(-c2ccc3c(c2)CN2CCC3(c3ccc(Cl)cc3)C2)nn1
CHEMBL3673134	6.35	1	[C-]#[N+]c1ccc(-c2ccc3c(c2)CN2CCC3(c3ccc(Cl)cc3)C2)cc1
CHEMBL3952992	6.36	1	O=[SH](=O)Cc1ccc(-c2ccc3c(c2)CN2CCC3(c3ccc(Cl)cc3)C2)cc1
CHEMBL3673138	7.28	1	COc1ccc2c(c1)CN1CCC2(c2ccc(Cl)cc2)CC1
CHEMBL3673139	7.68	1	Oc1ccc2c(c1)CN1CCC2(c2ccc(Cl)cc2)CC1
CHEMBL3673140	7.24	1	FC(F)Oc1ccc(-c2ccc3c(c2)CN2CCC3(c3ccc(Cl)cc3)CC2)nn1
CHEMBL3673141	6.92	1	Cc1ccc(-c2ccc3c(c2)CN2CCC3(c3ccc(Cl)cc3)CC2)nn1
CHEMBL3673142	6.81	1	Clc1ccc(C23CCN(CC2)Cc2cc(-c4cncnc4)ccc23)cc1
CHEMBL3673143	7.08	1	Clc1ccc(C23CCN(CC2)Cc2cc(-c4cnccn4)ccc23)cc1
CHEMBL3673144	7.32	1	Nc1cnc(-c2ccc3c(c2)CN2CCC3(c3ccc(Cl)cc3)CC2)cn1
CHEMBL3673145	6.66	1	Cc1nnc2ccc(-c3ccc4c(c3)CN3CCC4(c4ccc(Cl)cc4)CC3)cn12
CHEMBL3673146	6.45	1	Clc1ccc(C23CCN(CC2)Cc2cc(-c4cnc5ccccc5n4)ccc23)cc1
CHEMBL3673147	7.23	1	O=C1NC2C=CC(c3ccc4c(c3)CN3CCC4(c4ccc(Cl)cc4)CC3)=CC2O1
CHEMBL3673148	7.43	1	O=c1n(-c2ccc3c(c2)CN2CCC3(c3ccc(Cl)cc3)CC2)nc2ccccn12
CHEMBL3673149	6.07	1	O=c1ccccn1-c1ccc2c(c1)CN1CCC2(c2ccc(Cl)cc2)CC1
CHEMBL3673150	6.77	1	Cc1nnc(-c2ccc3c(c2)CN2CCC3(c3ccc(Cl)cc3)CC2)s1
CHEMBL3673151	7.2	1	CS(=O)(=O)c1ccc(-c2ccc3c(c2)CN2CCC3(c3ccc(Cl)cc3)CC2)cc1
CHEMBL3673152	6.87	1	[C-]#[N+]c1cccc(-c2ccc3c(c2)CN2CCC3(c3ccc(Cl)cc3)CC2)c1
CHEMBL3673178	7.23	1	Clc1ccc(C23CCN(CC2)Cc2cc(N4CCOCC4)ccc23)cc1
CHEMBL3673179	7.87	1	CCS(=O)(=O)N1CCN(c2ccc3c(c2)CN2CCC3(c3ccc(Cl)cc3)CC2)CC1
CHEMBL3673154	7.44	1	FC(F)(F)c1ccc(Oc2ccc3c(c2)CN2CCC3(c3ccc(Cl)cc3)CC2)nn1
CHEMBL3673155	6.93	1	Clc1ccc(C23CCN(CC2)Cc2cc(Oc4cnccn4)ccc23)cc1
CHEMBL3673156	6.99	1	Nc1cnc(Oc2ccc3c(c2)CN2CCC3(c3ccc(Cl)cc3)CC2)cn1
CHEMBL3673157	6.69	1	Clc1ccc(C23CCN(CC2)Cc2cc(OCCCc4ccncc4)ccc23)cc1
CHEMBL3673158	7.18	1	Clc1ccc(C23CCN(CC2)Cc2cc(OCCCc4cccnc4)ccc23)cc1
CHEMBL3673159	7.73	1	Clc1ccc(C23CCN(CC2)Cc2cc(-c4ccc5ncnn5c4)ccc23)cc1Cl
CHEMBL3673160	7.59	1	O=c1[nH]c2ccc(-c3ccc4c(c3)CN3CCC4(c4ccc(Cl)c(Cl)c4)CC3)cc2o1
CHEMBL3673161	7.58	1	Clc1ccc(C23CCN(CC2)Cc2cc(-c4cccnn4)ccc23)cc1Cl
CHEMBL3673162	8.23	1	COc1ccc(-c2ccc3c(c2)CN2CCC3(c3ccc(Cl)c(Cl)c3)CC2)nn1
CHEMBL3673163	8.29	1	Oc1ccc(-c2ccc3c(c2)CN2CCC3(c3ccc(Cl)c(Cl)c3)CC2)nn1
CHEMBL3673164	8.04	1	Nc1cnc(-c2ccc3c(c2)CN2CCC3(c3ccc(Cl)c(Cl)c3)CC2)cn1
CHEMBL3673165	7.36	1	Cc1cc2ncnn2cc1-c1ccc2c(c1)CN1CCC2(c2ccc(Cl)c(Cl)c2)CC1
CHEMBL3673166	7.47	1	Clc1ccc(C23CCN(CC2)Cc2cc(Oc4cnccn4)ccc23)cc1Cl
CHEMBL3673167	9.15	1	FC(F)(F)c1ccc(Oc2ccc3c(c2)CN2CCC3(c3ccc(Cl)c(Cl)c3)CC2)nn1
CHEMBL3673168	7.26	1	FC(F)Oc1ccc2c(c1)CN1CCC2(c2ccc(Cl)c(Cl)c2)CC1
CHEMBL3673169	8.05	1	Fc1ccc(C23CCN(CC2)Cc2cc(Oc4ccc(C(F)(F)F)nn4)ccc23)cc1Cl
CHEMBL3673170	8.0	1	Fc1cc(C23CCN(CC2)Cc2cc(Oc4ccc(C(F)(F)F)nn4)ccc23)ccc1Cl
CHEMBL3673171	7.25	1	FC(F)(F)c1ccc(Oc2ccc3c(c2)CN2CCC3(c3cccc(Cl)c3)CC2)nn1
CHEMBL3639720	6.21	1	FC(F)(F)c1ccc(C23CCN(CC2)Cc2cc(Oc4ccc(C(F)(F)F)nn4)ccc23)cc1
CHEMBL3673172	7.2	1	Fc1ccc(C23CCN(CC2)Cc2cc(Oc4ccc(C(F)(F)F)nn4)ccc23)cc1F
CHEMBL3673173	7.37	1	Fc1ccc(C23CCN(CC2)Cc2cc(Oc4ccc(C(F)(F)F)nn4)ccc23)cc1
CHEMBL3673174	6.92	1	Fc1ccc(C23CCN(CC2)Cc2cc(-c4ccc(C(F)(F)F)nn4)ccc23)cc1Cl
CHEMBL3673175	7.11	1	Fc1ccc(C23CCN(CC2)Cc2cc(-c4ccc5ncnn5c4)ccc23)cc1Cl
CHEMBL2096858	7.6	1	COC(=O)C1C(c2ccc(Cl)cc2)CC2CCC1N2C
CHEMBL100941	7.84	1	COC(=O)C1C2CCC(C2)CC1c1ccc(Cl)c(Cl)c1
CHEMBL87031	8.96	1	COC(=O)C1C(c2ccc(Cl)c(Cl)c2)CC2CCC1N2C
CHEMBL316342	8.01	1	COC(=O)C1C2CCC(CC1c1ccc(Cl)c(Cl)c1)O2
CHEMBL169429	7.89	1	COC(=O)C1=C(c2ccc(Cl)c(Cl)c2)CC2CCC1O2
CHEMBL490	6.17	1	Fc1ccc(C2CCNCC2COc2ccc3c(c2)OCO3)cc1
CHEMBL18190	7.17	1	c1ccc2sc(C3(N4CCCCCC4)CCCCCC3)cc2c1
CHEMBL18811	6.38	1	NC1(c2cc3ccccc3s2)CCCCCC1
CHEMBL2096856	6.17	1	COC(=O)C1C(c2ccccc2)CC2CCC1N2C
CHEMBL2096861	6.68	1	COC(=O)C1C(c2ccc(C)cc2)CC2CCC1N2C
CHEMBL2096857	6.49	1	COC(=O)C1C(c2ccc(F)cc2)CC2CCC1N2C
CHEMBL2096860	7.64	1	COC(=O)C1C(c2ccc(I)cc2)CC2CCC1N2C
CHEMBL81525	8.51	1	COC(=O)C1C2CCC(CC1c1ccc(Cl)cc1)N2
CHEMBL80262	7.47	1	COC(=O)C1C2CCC(CC1c1ccc(C)cc1)N2
CHEMBL80515	7.49	1	COC(=O)C1C2CCC(CC1c1ccc(F)cc1)N2
CHEMBL322302	7.33	1	CN1C2CCC1C(C(=O)OCC=CI)C(c1ccc(Cl)cc1)C2
CHEMBL107958	6.06	1	CN1C2CCC1C(C(=O)OCC=CI)C(c1ccccc1)C2
CHEMBL316543	6.25	1	CN1C2CCC1C(C(=O)OCC=CI)C(c1ccc(F)cc1)C2
CHEMBL104706	6.72	1	Cc1ccc(C2CC3CCC(C2C(=O)OCC=CI)N3C)cc1
CHEMBL281594	7.68	1	Fc1ccc(C(OCCN2CCN(CCCc3ccccc3)CC2)c2ccc(F)cc2)cc1
CHEMBL2096807	6.48	1	COc1ccc(CN2CCN3CC2CCC3C(c2ccccc2)c2ccccc2)cc1
CHEMBL1201203	6.61	1	CN1C2CCC1CC(OC(c1ccccc1)c1ccccc1)C2
CHEMBL365353	6.85	1	CN1C2CC(OC(c3ccc(F)cc3)c3ccc(F)cc3)CC1C(O)C2
CHEMBL2113366	7.02	1	COC1CC2CC(OC(c3ccc(F)cc3)c3ccc(F)cc3)CC1N2C
CHEMBL2113360	6.01	1	COC1CC2CC(OC(c3ccccc3)c3ccccc3)CC1N2C
CHEMBL2113359	6.12	1	COC1CC2CC(OC(c3ccccc3)c3ccc(Cl)cc3)CC1N2C
CHEMBL1722	6.92	1	COC(=O)C(c1ccccc1)C1CCCCN1
CHEMBL211484	6.65	1	COc1ccc(CNC2COC(C(c3ccccc3)c3ccccc3)CC2O)cc1
CHEMBL379181	6.31	1	CN1CCCCCCCCCCCC(=O)OCC2C(CC3CCC2N3C)c2ccc1cc2
CHEMBL386978	6.39	1	CN1C2CCC1C1COC(=O)CCCCCCCC(=O)Nc3ccc(cc3)C1C2
CHEMBL2096859	7.8	1	COC(=O)C1C(c2ccc(Br)cc2)CC2CCC1N2C
CHEMBL336920	6.18	1	CNCCC(Oc1cccc2ccccc12)c1cccs1
CHEMBL450173	6.51	1	CNCCC(c1cccs1)c1cccc2ccccc12
CHEMBL459732	6.33	1	CNCCCC(c1cccs1)c1cccc2ccccc12
CHEMBL511690	6.24	1	CNCCC(c1cccs1)c1cccc2[nH]ccc12
CHEMBL512120	6.02	1	CNCCCC(c1cccs1)c1cccc2[nH]ccc12
CHEMBL468916	7.45	1	CNCCC(c1ccc(Cl)c(Cl)c1)c1cccc2ccccc12
CHEMBL460372	6.68	1	CNCCCC(c1ccc(Cl)c(Cl)c1)c1cccc2ccccc12
CHEMBL509403	7.83	1	CNCCC(c1ccc(Cl)c(Cl)c1)c1cccc2[nH]ccc12
CHEMBL461444	7.84	1	CNCCCC(c1ccc(Cl)c(Cl)c1)c1cccc2[nH]ccc12
CHEMBL1097148	6.41	1	CN1CCN(CC(c2csc(Cl)c2)C2(O)CCCCC2)CC1
CHEMBL1096495	6.61	1	CN1CCN(CC(c2cccc(Cl)c2)C2(O)CCCCC2)CC1
CHEMBL1084829	6.41	1	CNCC(O)CCN1c2ccccc2N(c2ccc(F)cc2)S1(=O)=O
CHEMBL1254360	6.37	1	COC(=O)C(c1ccccc1)C1CCCCN1Cc1ccc(N=C=S)cc1
CHEMBL1254359	6.71	1	OCC(c1ccccc1)C1CCCCN1CCCc1ccccc1
CHEMBL1254282	6.09	1	C#CCN1CCCCC1C(C(=O)OC)c1ccccc1
CHEMBL1254281	6.21	1	OCC(c1ccccc1)C1CCCCN1CCCCc1ccccc1
CHEMBL1254196	6.57	1	COC(=O)C(c1ccccc1)C1CCCCN1CCCc1ccccc1
CHEMBL1254195	6.97	1	COC(=O)C(c1ccccc1)C1CCCCN1Cc1cccc(Cl)c1
CHEMBL1254101	6.17	1	COC(=O)C(c1ccccc1)C1CCCCN1CCc1ccccc1
CHEMBL1254100	6.69	1	COC(=O)C(c1ccccc1)C1CCCCN1CCCCc1ccccc1
CHEMBL1253919	6.61	1	COC(=O)C(c1ccccc1)C1CCCCN1Cc1ccccc1Cl
CHEMBL1253918	6.22	1	C=CCN1CCCCC1C(C(=O)OC)c1ccccc1
CHEMBL1253840	7.51	1	COC(=O)C(c1ccccc1)C1CCCCN1Cc1ccc(Cl)cc1
CHEMBL1253839	6.95	1	COC(=O)C(c1ccccc1)C1CCCCN1Cc1ccc([N+](=O)[O-])cc1
CHEMBL1255100	7.1	1	COC(=O)C(c1ccccc1)C1CCCCN1Cc1ccc(OC)cc1
CHEMBL1255099	6.41	1	COC(=O)C(c1ccccc1)C1CCCCN1Cc1ccc(Cl)s1
CHEMBL1255015	6.43	1	COC(=O)C(c1ccccc1)C1CCCCN1Cc1ccccn1
CHEMBL1255014	6.76	1	COC(=O)C(c1ccccc1)C1CCCCN1Cc1cccnc1
CHEMBL1254930	6.89	1	COC(=O)C(c1ccccc1)C1CCCCN1Cc1ccncc1
CHEMBL1254929	6.27	1	COC(=O)C(c1ccccc1)C1CCCCN1Cc1ccco1
CHEMBL1254928	6.84	1	COC(=O)C(c1ccccc1)C1CCCCN1Cc1ccsc1
CHEMBL1254843	6.65	1	COC(=O)C(c1ccccc1)C1CCCCN1Cc1cccs1
CHEMBL1254842	6.34	1	COC(=O)C(c1ccccc1)C1CCCCN1Cc1ccoc1
CHEMBL1253691	7.18	1	COC(=O)C(c1cc(Cl)cc(Cl)c1)C1CCCCN1
CHEMBL1254841	7.59	1	OCC(c1ccccc1)C1CCCCN1Cc1cccc(Cl)c1
CHEMBL1254757	7.28	1	COC(=O)C(c1ccccc1)C1CCCCN1Cc1ccccc1
CHEMBL1188734	6.35	1	OCC(c1ccccc1)C1CCCCN1
CHEMBL1253698	7.01	1	COC(=O)C(c1ccc(O)cc1)C1CCCCN1
CHEMBL1254438	6.21	1	COC(=O)C(c1ccc(OCO)c(CO)c1)C1CCCCN1C
CHEMBL1254439	6.31	1	COC(=O)C(c1ccc([N+](=O)[O-])cc1)C1CCCCN1
CHEMBL1253708	6.58	1	COC(=O)C(c1cccc(N)c1)C1CCCCN1
CHEMBL1253709	7.46	1	COC(=O)C(c1ccc(N)cc1)C1CCCCN1
CHEMBL356030	7.07	1	COC(=O)C(c1ccc(OC)cc1)C1CCCCN1
CHEMBL1178924	7.69	1	COC(=O)C(c1ccc(Cl)cc1)C1CCCCN1
CHEMBL1253722	6.79	1	COC(=O)C(c1cccc(Cl)c1)C1(C)CCCCN1C
CHEMBL1253735	7.85	1	COC(=O)C(c1ccc(I)cc1)C1CCCCN1
CHEMBL1253736	8.38	1	COC(=O)C(c1cccc(Br)c1)C1CCCCN1
CHEMBL20110	6.85	1	COC(=O)C(c1ccc(C)cc1)C1CCCCN1C
CHEMBL1253212	6.54	1	COC(=O)C(c1cccc(OC)c1)C1(C)CCCCN1
CHEMBL1253270	6.49	1	COC(=O)C(c1cccc(O)c1)C1CCCCN1
CHEMBL1253271	8.29	1	COC(=O)C(c1cccc(Cl)c1)C1CCCCN1
CHEMBL1253289	7.46	1	COC(=O)C(c1ccc(F)cc1)C1CCCCN1
CHEMBL1179011	8.28	1	COC(=O)C(c1ccc(Cl)c(Cl)c1)C1CCCCN1
CHEMBL1254516	6.09	1	COC(=O)C(c1ccc(OC)c(OC)c1)C1CCCCN1
CHEMBL350236	8.16	1	COC(=O)C(c1ccc(Br)cc1)C1CCCCN1
CHEMBL1253311	7.39	1	COC(=O)C(c1cccc(F)c1)C1CCCCN1
CHEMBL1178997	7.48	1	COC(=O)C(c1ccc(C)cc1)C1CCCCN1
CHEMBL1253339	7.67	1	COC(=O)C(c1cccc(C)c1)C1CCCCN1
CHEMBL1253340	6.55	1	OCC(c1cccc(F)c1)C1CCCCN1
CHEMBL1188904	8.38	1	OCC(c1ccc(Cl)c(Cl)c1)C1CCCCN1
CHEMBL1253378	8.77	1	COCC(c1ccc(Cl)c(Cl)c1)C1CCCCN1
CHEMBL1254517	7.38	1	COC(=O)C(c1cccc(Cl)c1)C1CCCCN1Cc1ccccc1
CHEMBL1254596	6.42	1	NC(=O)C(c1ccccc1)C1CCCCN1Cc1ccccc1
CHEMBL1254597	7.62	1	OCC(c1ccccc1)C1CCCCN1Cc1ccccc1
CHEMBL1254598	7.75	1	COCC(c1ccccc1)C1CCCCN1Cc1ccccc1
CHEMBL1188814	7.01	1	COCC(c1ccccc1)C1CCCCN1
CHEMBL1254674	7.12	1	COC(=O)C(c1ccc(Cl)c(Cl)c1)C1CCCCN1Cc1ccccc1
CHEMBL1254675	8.56	1	OCC(c1ccc(Cl)c(Cl)c1)C1CCCCN1Cc1ccccc1
CHEMBL1254758	8.38	1	COCC(c1ccc(Cl)c(Cl)c1)C1CCCCN1Cc1ccccc1
CHEMBL1253379	7.79	1	NC(=O)C(c1ccc(Cl)c(Cl)c1)C1CCCCN1
CHEMBL19686	6.97	1	COC(=O)C(c1cccc(C)c1)C1CCCCN1C
CHEMBL1253489	6.16	1	CC(=O)OCC(c1ccccc1)C1CCCCN1
CHEMBL20099	6.3	1	COC(=O)C(c1ccccc1)C1CCCCN1C
CHEMBL1253519	6.13	1	CCc1ccc(C(C(=O)OC)C2CCCCN2)cc1
CHEMBL1183494	7.96	1	COC(=O)C(c1ccc2ccccc2c1)C1CCCCN1
CHEMBL1254844	6.21	1	COC(=O)C(c1ccc(C(F)(F)F)cc1)C1CCCCN1
CHEMBL1643652	7.19	1	Cc1cc(C2C3CCC(CC2c2ccccc2)S3)on1
CHEMBL1643653	7.66	1	Cc1cc(C2C3CCC(CC2c2ccc(F)cc2)S3)on1
CHEMBL1643654	7.49	1	Cc1cc(C2C3CCC(CC2c2ccc(Cl)cc2)S3)on1
CHEMBL1643655	7.33	1	Cc1cc(C2C3CCC(CC2c2ccc(Br)cc2)S3)on1
CHEMBL1643656	6.99	1	Cc1cc(C2C3CCC(CC2c2ccc(Cl)c(Cl)c2)S3)on1
CHEMBL1643658	6.34	1	Fc1ccc(C2CC3CCC(S3)C2c2cc(-c3ccccc3)no2)cc1
CHEMBL1643661	6.3	1	Clc1ccc(C2CC3CCC(S3)C2c2cc(-c3ccccc3)no2)cc1Cl
CHEMBL1830877	6.02	1	O=S1(=O)N(CCC2CNCCO2)c2ccccc2N1c1ccccc1
CHEMBL1830882	6.1	1	O=S1(=O)N(CC2CNCCO2)c2ccccc2N1c1ccccc1
CHEMBL2012100	6.86	1	COC(=O)C1C2CCC(CC1c1ccc(-c3ccco3)cc1)O2
CHEMBL2012112	7.75	1	COC(=O)C1C2CCC(CC1c1cc3ccccc3s1)O2
CHEMBL2012115	6.43	1	COC(=O)C1C2CCC(CC1c1cc3ccccc3[nH]1)O2
CHEMBL3323095	6.72	1	CN1Cc2ccccc2C(c2ccc3sccc3c2)C1
CHEMBL3323182	6.85	1	CN1Cc2cc(N3CCOCC3)ccc2C(c2ccc3sccc3c2)C1
CHEMBL3703725	7.04	1	CNc1ccc(-c2ccc3c(c2)CNCC3c2ccc(F)cc2)nn1
CHEMBL3673129	6.47	1	Clc1ccc(C23CCN(Cc4cc(-c5ccc6ncnn6c5)ccc42)C3)cc1
CHEMBL3673133	6.83	1	Oc1ccc(-c2ccc3c(c2)CN2CCC3(c3ccc(Cl)cc3)C2)nn1
CHEMBL3673136	7.3	1	Clc1ccc(C23CCN(Cc4cc(-c5ccc6ncnn6c5)ccc42)C3)cc1Cl
CHEMBL3673137	7.3	1	O=c1[nH]c2ccc(-c3ccc4c(c3)CN3CCC4(c4ccc(Cl)c(Cl)c4)C3)cc2o1
CHEMBL3673176	6.92	1	Fc1ccc(C23CCN(Cc4cc(-c5ccc6ncnn6c5)ccc42)C3)cc1Cl
CHEMBL3673177	6.61	1	Fc1ccc(C23CCN(Cc4cc(-c5ccc(C(F)(F)F)nn5)ccc42)C3)cc1Cl
CHEMBL370158	4.17	0	C[N+]1(CCl)C2C=C(c3ccccc3-c3ccccc3)CC1CC2
CHEMBL426659	4.66	0	CN1C2CCC1CC(O)(c1cccc(-c3ccccc3)c1)C2
CHEMBL199598	4.78	0	CN1C2CCC1CC(O)(C1c3ccccc3-c3ccc(Br)cc31)C2
CHEMBL135	4.83	0	CC12CCC3c4ccc(O)cc4CCC3C1CCC2O
CHEMBL418971	4.72	0	CC(C)(c1ccc(O)cc1)c1ccc(O)cc1
CHEMBL434063	4.87	0	CN(CCOc1ccc(CC(Nc2ccccc2C(=O)c2ccccc2)C(=O)O)cc1)c1ccccn1
CHEMBL44	4.77	0	O=c1c(-c2ccc(O)cc2)coc2cc(O)cc(O)c12
CHEMBL56367	4.83	0	CS(=O)(=O)Nc1ccc([N+](=O)[O-])cc1Oc1ccccc1
CHEMBL828	4.73	0	c1ccc2c(c1)Nc1ccccc1S2
CHEMBL584	4.81	0	Cc1c(O)cccc1C(=O)NC(CSc1ccccc1)C(O)CN1CC2CCCCC2CC1C(=O)NC(C)(C)C
CHEMBL503	5.0	0	CCC(C)C(=O)OC1CC(C)C=C2C=CC(C)C(CCC3CC(O)CC(=O)O3)C21
CHEMBL157101	4.63	0	CC(=O)N1CCN(c2ccc(OCC3COC(Cn4ccnc4)(c4ccc(Cl)cc4Cl)O3)cc2)CC1
CHEMBL428	4.21	0	NC1C2CN(c3nc4c(cc3F)c(=O)c(C(=O)O)cn4-c3ccc(F)cc3F)CC12
CHEMBL141343	4.87	0	Cc1c(C)c2c(c(C)c1O)CCC(C)(CN1CCN(c3cc(N4CCCC4)nc(N4CCCC4)n3)CC1)O2
CHEMBL1254440	4.87	0	COC(=O)C(c1ccc(C(C)(C)C)cc1)C1CCCCN1
CHEMBL1253269	4.64	0	COC(=O)C(c1ccccc1O)C1(C)CCCCN1
CHEMBL1253211	3.99	0	COC(=O)C(c1ccccc1OC)C1(C)CCCCN1
